comparison_type,model_source,layer,emotion_or_group,estimate_name,cosine,explained_fraction,ci_low,ci_high,p_value,q_value,max_stat_p_value,null_p95,reliability,pca_status,effective_rank,condition_number,gate_passed,confirmatory,notes,stability
cross_model_stability,cross_model,0,angry,reliability,,,,,,,,,0.9998433819068931,raw,,,True,True,aligned versus misaligned full emotion direction,0.9998433819068931
cross_model_stability,cross_model,1,angry,reliability,,,,,,,,,0.9998250495694151,raw,,,True,True,aligned versus misaligned full emotion direction,0.9998250495694151
cross_model_stability,cross_model,2,angry,reliability,,,,,,,,,0.9997695484415914,raw,,,True,True,aligned versus misaligned full emotion direction,0.9997695484415914
cross_model_stability,cross_model,3,angry,reliability,,,,,,,,,0.999686246938373,raw,,,True,True,aligned versus misaligned full emotion direction,0.999686246938373
cross_model_stability,cross_model,4,angry,reliability,,,,,,,,,0.9996366417062381,raw,,,True,True,aligned versus misaligned full emotion direction,0.9996366417062381
cross_model_stability,cross_model,5,angry,reliability,,,,,,,,,0.9994422635531535,raw,,,True,True,aligned versus misaligned full emotion direction,0.9994422635531535
cross_model_stability,cross_model,6,angry,reliability,,,,,,,,,0.9992700668682467,raw,,,True,True,aligned versus misaligned full emotion direction,0.9992700668682467
cross_model_stability,cross_model,7,angry,reliability,,,,,,,,,0.9988357897057786,raw,,,True,True,aligned versus misaligned full emotion direction,0.9988357897057786
cross_model_stability,cross_model,8,angry,reliability,,,,,,,,,0.9981148995364041,raw,,,True,True,aligned versus misaligned full emotion direction,0.9981148995364041
cross_model_stability,cross_model,9,angry,reliability,,,,,,,,,0.9961554657826831,raw,,,True,True,aligned versus misaligned full emotion direction,0.9961554657826831
cross_model_stability,cross_model,10,angry,reliability,,,,,,,,,0.9921301736134974,raw,,,True,True,aligned versus misaligned full emotion direction,0.9921301736134974
cross_model_stability,cross_model,11,angry,reliability,,,,,,,,,0.9923730416490505,raw,,,True,True,aligned versus misaligned full emotion direction,0.9923730416490505
cross_model_stability,cross_model,12,angry,reliability,,,,,,,,,0.9935367491964168,raw,,,True,True,aligned versus misaligned full emotion direction,0.9935367491964168
cross_model_stability,cross_model,13,angry,reliability,,,,,,,,,0.9953934345642766,raw,,,True,True,aligned versus misaligned full emotion direction,0.9953934345642766
cross_model_stability,cross_model,14,angry,reliability,,,,,,,,,0.9961617888091067,raw,,,True,True,aligned versus misaligned full emotion direction,0.9961617888091067
cross_model_stability,cross_model,15,angry,reliability,,,,,,,,,0.9967415273294554,raw,,,True,True,aligned versus misaligned full emotion direction,0.9967415273294554
cross_model_stability,cross_model,16,angry,reliability,,,,,,,,,0.996998468910361,raw,,,True,True,aligned versus misaligned full emotion direction,0.996998468910361
cross_model_stability,cross_model,17,angry,reliability,,,,,,,,,0.9973053556262811,raw,,,True,True,aligned versus misaligned full emotion direction,0.9973053556262811
cross_model_stability,cross_model,18,angry,reliability,,,,,,,,,0.9972925184803763,raw,,,True,True,aligned versus misaligned full emotion direction,0.9972925184803763
cross_model_stability,cross_model,19,angry,reliability,,,,,,,,,0.997286589758532,raw,,,True,True,aligned versus misaligned full emotion direction,0.997286589758532
cross_model_stability,cross_model,20,angry,reliability,,,,,,,,,0.9974603938739016,raw,,,True,True,aligned versus misaligned full emotion direction,0.9974603938739016
cross_model_stability,cross_model,21,angry,reliability,,,,,,,,,0.9973654929186246,raw,,,True,True,aligned versus misaligned full emotion direction,0.9973654929186246
cross_model_stability,cross_model,22,angry,reliability,,,,,,,,,0.9972378727662179,raw,,,True,True,aligned versus misaligned full emotion direction,0.9972378727662179
cross_model_stability,cross_model,23,angry,reliability,,,,,,,,,0.9974295992560529,raw,,,True,True,aligned versus misaligned full emotion direction,0.9974295992560529
cross_model_stability,cross_model,24,angry,reliability,,,,,,,,,0.9976274126240462,raw,,,True,True,aligned versus misaligned full emotion direction,0.9976274126240462
cross_model_stability,cross_model,25,angry,reliability,,,,,,,,,0.997665266702421,raw,,,True,True,aligned versus misaligned full emotion direction,0.997665266702421
cross_model_stability,cross_model,26,angry,reliability,,,,,,,,,0.9963346653169641,raw,,,True,True,aligned versus misaligned full emotion direction,0.9963346653169641
cross_model_stability,cross_model,27,angry,reliability,,,,,,,,,0.9960181722172295,raw,,,True,True,aligned versus misaligned full emotion direction,0.9960181722172295
cross_model_stability,cross_model,28,angry,reliability,,,,,,,,,0.9954520138009216,raw,,,True,True,aligned versus misaligned full emotion direction,0.9954520138009216
cross_model_stability,cross_model,29,angry,reliability,,,,,,,,,0.995523056091364,raw,,,True,True,aligned versus misaligned full emotion direction,0.995523056091364
cross_model_stability,cross_model,30,angry,reliability,,,,,,,,,0.9959019623829092,raw,,,True,True,aligned versus misaligned full emotion direction,0.9959019623829092
cross_model_stability,cross_model,31,angry,reliability,,,,,,,,,0.9966856229955516,raw,,,True,True,aligned versus misaligned full emotion direction,0.9966856229955516
cross_model_stability,cross_model,32,angry,reliability,,,,,,,,,0.9966482840051868,raw,,,True,True,aligned versus misaligned full emotion direction,0.9966482840051868
cross_model_stability,cross_model,33,angry,reliability,,,,,,,,,0.9970351528239998,raw,,,True,True,aligned versus misaligned full emotion direction,0.9970351528239998
cross_model_stability,cross_model,34,angry,reliability,,,,,,,,,0.9972876880689509,raw,,,True,True,aligned versus misaligned full emotion direction,0.9972876880689509
cross_model_stability,cross_model,35,angry,reliability,,,,,,,,,0.9975016411365134,raw,,,True,True,aligned versus misaligned full emotion direction,0.9975016411365134
cross_model_stability,cross_model,36,angry,reliability,,,,,,,,,0.9970176978132665,raw,,,True,True,aligned versus misaligned full emotion direction,0.9970176978132665
cross_model_stability,cross_model,37,angry,reliability,,,,,,,,,0.9969582349432564,raw,,,True,True,aligned versus misaligned full emotion direction,0.9969582349432564
cross_model_stability,cross_model,38,angry,reliability,,,,,,,,,0.9970463914578509,raw,,,True,True,aligned versus misaligned full emotion direction,0.9970463914578509
cross_model_stability,cross_model,39,angry,reliability,,,,,,,,,0.9969019120113095,raw,,,True,True,aligned versus misaligned full emotion direction,0.9969019120113095
cross_model_stability,cross_model,40,angry,reliability,,,,,,,,,0.997281729462437,raw,,,True,True,aligned versus misaligned full emotion direction,0.997281729462437
cross_model_stability,cross_model,41,angry,reliability,,,,,,,,,0.9972800221080269,raw,,,True,True,aligned versus misaligned full emotion direction,0.9972800221080269
cross_model_stability,cross_model,42,angry,reliability,,,,,,,,,0.9972464122353217,raw,,,True,True,aligned versus misaligned full emotion direction,0.9972464122353217
cross_model_stability,cross_model,43,angry,reliability,,,,,,,,,0.9971530931670611,raw,,,True,True,aligned versus misaligned full emotion direction,0.9971530931670611
cross_model_stability,cross_model,44,angry,reliability,,,,,,,,,0.9970027735081695,raw,,,True,True,aligned versus misaligned full emotion direction,0.9970027735081695
cross_model_stability,cross_model,45,angry,reliability,,,,,,,,,0.9967623864610842,raw,,,True,True,aligned versus misaligned full emotion direction,0.9967623864610842
cross_model_stability,cross_model,46,angry,reliability,,,,,,,,,0.9968069661058887,raw,,,True,True,aligned versus misaligned full emotion direction,0.9968069661058887
cross_model_stability,cross_model,47,angry,reliability,,,,,,,,,0.9949565607375089,raw,,,True,True,aligned versus misaligned full emotion direction,0.9949565607375089
cross_model_stability,cross_model,0,anxious,reliability,,,,,,,,,0.9997783771893883,raw,,,True,True,aligned versus misaligned full emotion direction,0.9997783771893883
cross_model_stability,cross_model,1,anxious,reliability,,,,,,,,,0.9997761390847663,raw,,,True,True,aligned versus misaligned full emotion direction,0.9997761390847663
cross_model_stability,cross_model,2,anxious,reliability,,,,,,,,,0.9997009013248914,raw,,,True,True,aligned versus misaligned full emotion direction,0.9997009013248914
cross_model_stability,cross_model,3,anxious,reliability,,,,,,,,,0.9995788140640394,raw,,,True,True,aligned versus misaligned full emotion direction,0.9995788140640394
cross_model_stability,cross_model,4,anxious,reliability,,,,,,,,,0.9994677977406476,raw,,,True,True,aligned versus misaligned full emotion direction,0.9994677977406476
cross_model_stability,cross_model,5,anxious,reliability,,,,,,,,,0.9990949007263633,raw,,,True,True,aligned versus misaligned full emotion direction,0.9990949007263633
cross_model_stability,cross_model,6,anxious,reliability,,,,,,,,,0.9987397344609236,raw,,,True,True,aligned versus misaligned full emotion direction,0.9987397344609236
cross_model_stability,cross_model,7,anxious,reliability,,,,,,,,,0.9984304803995983,raw,,,True,True,aligned versus misaligned full emotion direction,0.9984304803995983
cross_model_stability,cross_model,8,anxious,reliability,,,,,,,,,0.9972650529171919,raw,,,True,True,aligned versus misaligned full emotion direction,0.9972650529171919
cross_model_stability,cross_model,9,anxious,reliability,,,,,,,,,0.9970663450665719,raw,,,True,True,aligned versus misaligned full emotion direction,0.9970663450665719
cross_model_stability,cross_model,10,anxious,reliability,,,,,,,,,0.9958430494250019,raw,,,True,True,aligned versus misaligned full emotion direction,0.9958430494250019
cross_model_stability,cross_model,11,anxious,reliability,,,,,,,,,0.9955931226971775,raw,,,True,True,aligned versus misaligned full emotion direction,0.9955931226971775
cross_model_stability,cross_model,12,anxious,reliability,,,,,,,,,0.9960413746613618,raw,,,True,True,aligned versus misaligned full emotion direction,0.9960413746613618
cross_model_stability,cross_model,13,anxious,reliability,,,,,,,,,0.9966552701203277,raw,,,True,True,aligned versus misaligned full emotion direction,0.9966552701203277
cross_model_stability,cross_model,14,anxious,reliability,,,,,,,,,0.9969408511144489,raw,,,True,True,aligned versus misaligned full emotion direction,0.9969408511144489
cross_model_stability,cross_model,15,anxious,reliability,,,,,,,,,0.9974549795122593,raw,,,True,True,aligned versus misaligned full emotion direction,0.9974549795122593
cross_model_stability,cross_model,16,anxious,reliability,,,,,,,,,0.9970971862659171,raw,,,True,True,aligned versus misaligned full emotion direction,0.9970971862659171
cross_model_stability,cross_model,17,anxious,reliability,,,,,,,,,0.9969978279296522,raw,,,True,True,aligned versus misaligned full emotion direction,0.9969978279296522
cross_model_stability,cross_model,18,anxious,reliability,,,,,,,,,0.9969368433138736,raw,,,True,True,aligned versus misaligned full emotion direction,0.9969368433138736
cross_model_stability,cross_model,19,anxious,reliability,,,,,,,,,0.9968170857545376,raw,,,True,True,aligned versus misaligned full emotion direction,0.9968170857545376
cross_model_stability,cross_model,20,anxious,reliability,,,,,,,,,0.9969546377809305,raw,,,True,True,aligned versus misaligned full emotion direction,0.9969546377809305
cross_model_stability,cross_model,21,anxious,reliability,,,,,,,,,0.9970206206965494,raw,,,True,True,aligned versus misaligned full emotion direction,0.9970206206965494
cross_model_stability,cross_model,22,anxious,reliability,,,,,,,,,0.9960663071192889,raw,,,True,True,aligned versus misaligned full emotion direction,0.9960663071192889
cross_model_stability,cross_model,23,anxious,reliability,,,,,,,,,0.9955537505946335,raw,,,True,True,aligned versus misaligned full emotion direction,0.9955537505946335
cross_model_stability,cross_model,24,anxious,reliability,,,,,,,,,0.993297174953289,raw,,,True,True,aligned versus misaligned full emotion direction,0.993297174953289
cross_model_stability,cross_model,25,anxious,reliability,,,,,,,,,0.9942842654316141,raw,,,True,True,aligned versus misaligned full emotion direction,0.9942842654316141
cross_model_stability,cross_model,26,anxious,reliability,,,,,,,,,0.9907697638596972,raw,,,True,True,aligned versus misaligned full emotion direction,0.9907697638596972
cross_model_stability,cross_model,27,anxious,reliability,,,,,,,,,0.9899289986710197,raw,,,True,True,aligned versus misaligned full emotion direction,0.9899289986710197
cross_model_stability,cross_model,28,anxious,reliability,,,,,,,,,0.9843353972459301,raw,,,True,True,aligned versus misaligned full emotion direction,0.9843353972459301
cross_model_stability,cross_model,29,anxious,reliability,,,,,,,,,0.9819243231752907,raw,,,True,True,aligned versus misaligned full emotion direction,0.9819243231752907
cross_model_stability,cross_model,30,anxious,reliability,,,,,,,,,0.9836314562841644,raw,,,True,True,aligned versus misaligned full emotion direction,0.9836314562841644
cross_model_stability,cross_model,31,anxious,reliability,,,,,,,,,0.9876569763443586,raw,,,True,True,aligned versus misaligned full emotion direction,0.9876569763443586
cross_model_stability,cross_model,32,anxious,reliability,,,,,,,,,0.9878973932904692,raw,,,True,True,aligned versus misaligned full emotion direction,0.9878973932904692
cross_model_stability,cross_model,33,anxious,reliability,,,,,,,,,0.988050946919865,raw,,,True,True,aligned versus misaligned full emotion direction,0.988050946919865
cross_model_stability,cross_model,34,anxious,reliability,,,,,,,,,0.9890628809721587,raw,,,True,True,aligned versus misaligned full emotion direction,0.9890628809721587
cross_model_stability,cross_model,35,anxious,reliability,,,,,,,,,0.9897232013403873,raw,,,True,True,aligned versus misaligned full emotion direction,0.9897232013403873
cross_model_stability,cross_model,36,anxious,reliability,,,,,,,,,0.9888674702304387,raw,,,True,True,aligned versus misaligned full emotion direction,0.9888674702304387
cross_model_stability,cross_model,37,anxious,reliability,,,,,,,,,0.9887360762349978,raw,,,True,True,aligned versus misaligned full emotion direction,0.9887360762349978
cross_model_stability,cross_model,38,anxious,reliability,,,,,,,,,0.9897375669137078,raw,,,True,True,aligned versus misaligned full emotion direction,0.9897375669137078
cross_model_stability,cross_model,39,anxious,reliability,,,,,,,,,0.9904200907391956,raw,,,True,True,aligned versus misaligned full emotion direction,0.9904200907391956
cross_model_stability,cross_model,40,anxious,reliability,,,,,,,,,0.9907036405404819,raw,,,True,True,aligned versus misaligned full emotion direction,0.9907036405404819
cross_model_stability,cross_model,41,anxious,reliability,,,,,,,,,0.9907808208332657,raw,,,True,True,aligned versus misaligned full emotion direction,0.9907808208332657
cross_model_stability,cross_model,42,anxious,reliability,,,,,,,,,0.9910727947418391,raw,,,True,True,aligned versus misaligned full emotion direction,0.9910727947418391
cross_model_stability,cross_model,43,anxious,reliability,,,,,,,,,0.9919552973200989,raw,,,True,True,aligned versus misaligned full emotion direction,0.9919552973200989
cross_model_stability,cross_model,44,anxious,reliability,,,,,,,,,0.9925069544168971,raw,,,True,True,aligned versus misaligned full emotion direction,0.9925069544168971
cross_model_stability,cross_model,45,anxious,reliability,,,,,,,,,0.9916477263350645,raw,,,True,True,aligned versus misaligned full emotion direction,0.9916477263350645
cross_model_stability,cross_model,46,anxious,reliability,,,,,,,,,0.9925509785097386,raw,,,True,True,aligned versus misaligned full emotion direction,0.9925509785097386
cross_model_stability,cross_model,47,anxious,reliability,,,,,,,,,0.9945668112029578,raw,,,True,True,aligned versus misaligned full emotion direction,0.9945668112029578
cross_model_stability,cross_model,0,calm,reliability,,,,,,,,,0.9998362906714114,raw,,,True,True,aligned versus misaligned full emotion direction,0.9998362906714114
cross_model_stability,cross_model,1,calm,reliability,,,,,,,,,0.999804891338201,raw,,,True,True,aligned versus misaligned full emotion direction,0.999804891338201
cross_model_stability,cross_model,2,calm,reliability,,,,,,,,,0.9997711920152416,raw,,,True,True,aligned versus misaligned full emotion direction,0.9997711920152416
cross_model_stability,cross_model,3,calm,reliability,,,,,,,,,0.9997000229631402,raw,,,True,True,aligned versus misaligned full emotion direction,0.9997000229631402
cross_model_stability,cross_model,4,calm,reliability,,,,,,,,,0.9996489884741518,raw,,,True,True,aligned versus misaligned full emotion direction,0.9996489884741518
cross_model_stability,cross_model,5,calm,reliability,,,,,,,,,0.9993527158296762,raw,,,True,True,aligned versus misaligned full emotion direction,0.9993527158296762
cross_model_stability,cross_model,6,calm,reliability,,,,,,,,,0.9991261078786006,raw,,,True,True,aligned versus misaligned full emotion direction,0.9991261078786006
cross_model_stability,cross_model,7,calm,reliability,,,,,,,,,0.9988772498166627,raw,,,True,True,aligned versus misaligned full emotion direction,0.9988772498166627
cross_model_stability,cross_model,8,calm,reliability,,,,,,,,,0.9984867229672104,raw,,,True,True,aligned versus misaligned full emotion direction,0.9984867229672104
cross_model_stability,cross_model,9,calm,reliability,,,,,,,,,0.9979221111154413,raw,,,True,True,aligned versus misaligned full emotion direction,0.9979221111154413
cross_model_stability,cross_model,10,calm,reliability,,,,,,,,,0.996562723461942,raw,,,True,True,aligned versus misaligned full emotion direction,0.996562723461942
cross_model_stability,cross_model,11,calm,reliability,,,,,,,,,0.9968515152247426,raw,,,True,True,aligned versus misaligned full emotion direction,0.9968515152247426
cross_model_stability,cross_model,12,calm,reliability,,,,,,,,,0.9970675766751372,raw,,,True,True,aligned versus misaligned full emotion direction,0.9970675766751372
cross_model_stability,cross_model,13,calm,reliability,,,,,,,,,0.9972077336011896,raw,,,True,True,aligned versus misaligned full emotion direction,0.9972077336011896
cross_model_stability,cross_model,14,calm,reliability,,,,,,,,,0.9974560492318489,raw,,,True,True,aligned versus misaligned full emotion direction,0.9974560492318489
cross_model_stability,cross_model,15,calm,reliability,,,,,,,,,0.9975936743613196,raw,,,True,True,aligned versus misaligned full emotion direction,0.9975936743613196
cross_model_stability,cross_model,16,calm,reliability,,,,,,,,,0.9973182621547307,raw,,,True,True,aligned versus misaligned full emotion direction,0.9973182621547307
cross_model_stability,cross_model,17,calm,reliability,,,,,,,,,0.9972226613265007,raw,,,True,True,aligned versus misaligned full emotion direction,0.9972226613265007
cross_model_stability,cross_model,18,calm,reliability,,,,,,,,,0.9973435690453601,raw,,,True,True,aligned versus misaligned full emotion direction,0.9973435690453601
cross_model_stability,cross_model,19,calm,reliability,,,,,,,,,0.997214346975926,raw,,,True,True,aligned versus misaligned full emotion direction,0.997214346975926
cross_model_stability,cross_model,20,calm,reliability,,,,,,,,,0.997338570720216,raw,,,True,True,aligned versus misaligned full emotion direction,0.997338570720216
cross_model_stability,cross_model,21,calm,reliability,,,,,,,,,0.997336071904667,raw,,,True,True,aligned versus misaligned full emotion direction,0.997336071904667
cross_model_stability,cross_model,22,calm,reliability,,,,,,,,,0.9964595488598852,raw,,,True,True,aligned versus misaligned full emotion direction,0.9964595488598852
cross_model_stability,cross_model,23,calm,reliability,,,,,,,,,0.9965585474295187,raw,,,True,True,aligned versus misaligned full emotion direction,0.9965585474295187
cross_model_stability,cross_model,24,calm,reliability,,,,,,,,,0.9949256551281653,raw,,,True,True,aligned versus misaligned full emotion direction,0.9949256551281653
cross_model_stability,cross_model,25,calm,reliability,,,,,,,,,0.9951347967925191,raw,,,True,True,aligned versus misaligned full emotion direction,0.9951347967925191
cross_model_stability,cross_model,26,calm,reliability,,,,,,,,,0.9933956145888377,raw,,,True,True,aligned versus misaligned full emotion direction,0.9933956145888377
cross_model_stability,cross_model,27,calm,reliability,,,,,,,,,0.9927444809006063,raw,,,True,True,aligned versus misaligned full emotion direction,0.9927444809006063
cross_model_stability,cross_model,28,calm,reliability,,,,,,,,,0.9884992648585758,raw,,,True,True,aligned versus misaligned full emotion direction,0.9884992648585758
cross_model_stability,cross_model,29,calm,reliability,,,,,,,,,0.9869631914609117,raw,,,True,True,aligned versus misaligned full emotion direction,0.9869631914609117
cross_model_stability,cross_model,30,calm,reliability,,,,,,,,,0.9878765400772793,raw,,,True,True,aligned versus misaligned full emotion direction,0.9878765400772793
cross_model_stability,cross_model,31,calm,reliability,,,,,,,,,0.9900285066752662,raw,,,True,True,aligned versus misaligned full emotion direction,0.9900285066752662
cross_model_stability,cross_model,32,calm,reliability,,,,,,,,,0.9897850920378629,raw,,,True,True,aligned versus misaligned full emotion direction,0.9897850920378629
cross_model_stability,cross_model,33,calm,reliability,,,,,,,,,0.9901981597627337,raw,,,True,True,aligned versus misaligned full emotion direction,0.9901981597627337
cross_model_stability,cross_model,34,calm,reliability,,,,,,,,,0.9910426585605547,raw,,,True,True,aligned versus misaligned full emotion direction,0.9910426585605547
cross_model_stability,cross_model,35,calm,reliability,,,,,,,,,0.9910810052995629,raw,,,True,True,aligned versus misaligned full emotion direction,0.9910810052995629
cross_model_stability,cross_model,36,calm,reliability,,,,,,,,,0.9917539712443355,raw,,,True,True,aligned versus misaligned full emotion direction,0.9917539712443355
cross_model_stability,cross_model,37,calm,reliability,,,,,,,,,0.9919638408601976,raw,,,True,True,aligned versus misaligned full emotion direction,0.9919638408601976
cross_model_stability,cross_model,38,calm,reliability,,,,,,,,,0.9924933431762806,raw,,,True,True,aligned versus misaligned full emotion direction,0.9924933431762806
cross_model_stability,cross_model,39,calm,reliability,,,,,,,,,0.9924779804606544,raw,,,True,True,aligned versus misaligned full emotion direction,0.9924779804606544
cross_model_stability,cross_model,40,calm,reliability,,,,,,,,,0.9927245646522003,raw,,,True,True,aligned versus misaligned full emotion direction,0.9927245646522003
cross_model_stability,cross_model,41,calm,reliability,,,,,,,,,0.992545761179234,raw,,,True,True,aligned versus misaligned full emotion direction,0.992545761179234
cross_model_stability,cross_model,42,calm,reliability,,,,,,,,,0.9924644025815208,raw,,,True,True,aligned versus misaligned full emotion direction,0.9924644025815208
cross_model_stability,cross_model,43,calm,reliability,,,,,,,,,0.9929074355653904,raw,,,True,True,aligned versus misaligned full emotion direction,0.9929074355653904
cross_model_stability,cross_model,44,calm,reliability,,,,,,,,,0.9932104060207696,raw,,,True,True,aligned versus misaligned full emotion direction,0.9932104060207696
cross_model_stability,cross_model,45,calm,reliability,,,,,,,,,0.9926944533115308,raw,,,True,True,aligned versus misaligned full emotion direction,0.9926944533115308
cross_model_stability,cross_model,46,calm,reliability,,,,,,,,,0.993870592110958,raw,,,True,True,aligned versus misaligned full emotion direction,0.993870592110958
cross_model_stability,cross_model,47,calm,reliability,,,,,,,,,0.9943942670598113,raw,,,True,True,aligned versus misaligned full emotion direction,0.9943942670598113
cross_model_stability,cross_model,0,content,reliability,,,,,,,,,0.9998026762469809,raw,,,True,True,aligned versus misaligned full emotion direction,0.9998026762469809
cross_model_stability,cross_model,1,content,reliability,,,,,,,,,0.9997900901986093,raw,,,True,True,aligned versus misaligned full emotion direction,0.9997900901986093
cross_model_stability,cross_model,2,content,reliability,,,,,,,,,0.9997483592048017,raw,,,True,True,aligned versus misaligned full emotion direction,0.9997483592048017
cross_model_stability,cross_model,3,content,reliability,,,,,,,,,0.999677395341713,raw,,,True,True,aligned versus misaligned full emotion direction,0.999677395341713
cross_model_stability,cross_model,4,content,reliability,,,,,,,,,0.999656244400689,raw,,,True,True,aligned versus misaligned full emotion direction,0.999656244400689
cross_model_stability,cross_model,5,content,reliability,,,,,,,,,0.999461423376503,raw,,,True,True,aligned versus misaligned full emotion direction,0.999461423376503
cross_model_stability,cross_model,6,content,reliability,,,,,,,,,0.9991994024364128,raw,,,True,True,aligned versus misaligned full emotion direction,0.9991994024364128
cross_model_stability,cross_model,7,content,reliability,,,,,,,,,0.9990009502648591,raw,,,True,True,aligned versus misaligned full emotion direction,0.9990009502648591
cross_model_stability,cross_model,8,content,reliability,,,,,,,,,0.9984183317724593,raw,,,True,True,aligned versus misaligned full emotion direction,0.9984183317724593
cross_model_stability,cross_model,9,content,reliability,,,,,,,,,0.9973966376336517,raw,,,True,True,aligned versus misaligned full emotion direction,0.9973966376336517
cross_model_stability,cross_model,10,content,reliability,,,,,,,,,0.9953070008048703,raw,,,True,True,aligned versus misaligned full emotion direction,0.9953070008048703
cross_model_stability,cross_model,11,content,reliability,,,,,,,,,0.9946981659485001,raw,,,True,True,aligned versus misaligned full emotion direction,0.9946981659485001
cross_model_stability,cross_model,12,content,reliability,,,,,,,,,0.9952396810027483,raw,,,True,True,aligned versus misaligned full emotion direction,0.9952396810027483
cross_model_stability,cross_model,13,content,reliability,,,,,,,,,0.996433598619371,raw,,,True,True,aligned versus misaligned full emotion direction,0.996433598619371
cross_model_stability,cross_model,14,content,reliability,,,,,,,,,0.9966338212392248,raw,,,True,True,aligned versus misaligned full emotion direction,0.9966338212392248
cross_model_stability,cross_model,15,content,reliability,,,,,,,,,0.9966129300389469,raw,,,True,True,aligned versus misaligned full emotion direction,0.9966129300389469
cross_model_stability,cross_model,16,content,reliability,,,,,,,,,0.9960513398617635,raw,,,True,True,aligned versus misaligned full emotion direction,0.9960513398617635
cross_model_stability,cross_model,17,content,reliability,,,,,,,,,0.9965663066655757,raw,,,True,True,aligned versus misaligned full emotion direction,0.9965663066655757
cross_model_stability,cross_model,18,content,reliability,,,,,,,,,0.9957721019807837,raw,,,True,True,aligned versus misaligned full emotion direction,0.9957721019807837
cross_model_stability,cross_model,19,content,reliability,,,,,,,,,0.9948681675713005,raw,,,True,True,aligned versus misaligned full emotion direction,0.9948681675713005
cross_model_stability,cross_model,20,content,reliability,,,,,,,,,0.9936157727063651,raw,,,True,True,aligned versus misaligned full emotion direction,0.9936157727063651
cross_model_stability,cross_model,21,content,reliability,,,,,,,,,0.9935741149052295,raw,,,True,True,aligned versus misaligned full emotion direction,0.9935741149052295
cross_model_stability,cross_model,22,content,reliability,,,,,,,,,0.9935949384202967,raw,,,True,True,aligned versus misaligned full emotion direction,0.9935949384202967
cross_model_stability,cross_model,23,content,reliability,,,,,,,,,0.9936948688295102,raw,,,True,True,aligned versus misaligned full emotion direction,0.9936948688295102
cross_model_stability,cross_model,24,content,reliability,,,,,,,,,0.992994528749842,raw,,,True,True,aligned versus misaligned full emotion direction,0.992994528749842
cross_model_stability,cross_model,25,content,reliability,,,,,,,,,0.9926998456286403,raw,,,True,True,aligned versus misaligned full emotion direction,0.9926998456286403
cross_model_stability,cross_model,26,content,reliability,,,,,,,,,0.9904566039603568,raw,,,True,True,aligned versus misaligned full emotion direction,0.9904566039603568
cross_model_stability,cross_model,27,content,reliability,,,,,,,,,0.9904656320874983,raw,,,True,True,aligned versus misaligned full emotion direction,0.9904656320874983
cross_model_stability,cross_model,28,content,reliability,,,,,,,,,0.9904143638421793,raw,,,True,True,aligned versus misaligned full emotion direction,0.9904143638421793
cross_model_stability,cross_model,29,content,reliability,,,,,,,,,0.9906054844687673,raw,,,True,True,aligned versus misaligned full emotion direction,0.9906054844687673
cross_model_stability,cross_model,30,content,reliability,,,,,,,,,0.9911825238703643,raw,,,True,True,aligned versus misaligned full emotion direction,0.9911825238703643
cross_model_stability,cross_model,31,content,reliability,,,,,,,,,0.9923278310905033,raw,,,True,True,aligned versus misaligned full emotion direction,0.9923278310905033
cross_model_stability,cross_model,32,content,reliability,,,,,,,,,0.9923387122005964,raw,,,True,True,aligned versus misaligned full emotion direction,0.9923387122005964
cross_model_stability,cross_model,33,content,reliability,,,,,,,,,0.9927982969054896,raw,,,True,True,aligned versus misaligned full emotion direction,0.9927982969054896
cross_model_stability,cross_model,34,content,reliability,,,,,,,,,0.9936350813223024,raw,,,True,True,aligned versus misaligned full emotion direction,0.9936350813223024
cross_model_stability,cross_model,35,content,reliability,,,,,,,,,0.9940343667699242,raw,,,True,True,aligned versus misaligned full emotion direction,0.9940343667699242
cross_model_stability,cross_model,36,content,reliability,,,,,,,,,0.9928889402906099,raw,,,True,True,aligned versus misaligned full emotion direction,0.9928889402906099
cross_model_stability,cross_model,37,content,reliability,,,,,,,,,0.9922541624722586,raw,,,True,True,aligned versus misaligned full emotion direction,0.9922541624722586
cross_model_stability,cross_model,38,content,reliability,,,,,,,,,0.9922844962691043,raw,,,True,True,aligned versus misaligned full emotion direction,0.9922844962691043
cross_model_stability,cross_model,39,content,reliability,,,,,,,,,0.9921014303357287,raw,,,True,True,aligned versus misaligned full emotion direction,0.9921014303357287
cross_model_stability,cross_model,40,content,reliability,,,,,,,,,0.9920078439195472,raw,,,True,True,aligned versus misaligned full emotion direction,0.9920078439195472
cross_model_stability,cross_model,41,content,reliability,,,,,,,,,0.9918281114146572,raw,,,True,True,aligned versus misaligned full emotion direction,0.9918281114146572
cross_model_stability,cross_model,42,content,reliability,,,,,,,,,0.9920836582942962,raw,,,True,True,aligned versus misaligned full emotion direction,0.9920836582942962
cross_model_stability,cross_model,43,content,reliability,,,,,,,,,0.9923888489837648,raw,,,True,True,aligned versus misaligned full emotion direction,0.9923888489837648
cross_model_stability,cross_model,44,content,reliability,,,,,,,,,0.9926691022090777,raw,,,True,True,aligned versus misaligned full emotion direction,0.9926691022090777
cross_model_stability,cross_model,45,content,reliability,,,,,,,,,0.9924889896957708,raw,,,True,True,aligned versus misaligned full emotion direction,0.9924889896957708
cross_model_stability,cross_model,46,content,reliability,,,,,,,,,0.9937483193406469,raw,,,True,True,aligned versus misaligned full emotion direction,0.9937483193406469
cross_model_stability,cross_model,47,content,reliability,,,,,,,,,0.9953890966224331,raw,,,True,True,aligned versus misaligned full emotion direction,0.9953890966224331
cross_model_stability,cross_model,0,enthusiastic,reliability,,,,,,,,,0.9998056780709922,raw,,,True,True,aligned versus misaligned full emotion direction,0.9998056780709922
cross_model_stability,cross_model,1,enthusiastic,reliability,,,,,,,,,0.9997578269765103,raw,,,True,True,aligned versus misaligned full emotion direction,0.9997578269765103
cross_model_stability,cross_model,2,enthusiastic,reliability,,,,,,,,,0.9996012605332508,raw,,,True,True,aligned versus misaligned full emotion direction,0.9996012605332508
cross_model_stability,cross_model,3,enthusiastic,reliability,,,,,,,,,0.9995061368709719,raw,,,True,True,aligned versus misaligned full emotion direction,0.9995061368709719
cross_model_stability,cross_model,4,enthusiastic,reliability,,,,,,,,,0.9993959384395579,raw,,,True,True,aligned versus misaligned full emotion direction,0.9993959384395579
cross_model_stability,cross_model,5,enthusiastic,reliability,,,,,,,,,0.9989718920815663,raw,,,True,True,aligned versus misaligned full emotion direction,0.9989718920815663
cross_model_stability,cross_model,6,enthusiastic,reliability,,,,,,,,,0.9982756753968407,raw,,,True,True,aligned versus misaligned full emotion direction,0.9982756753968407
cross_model_stability,cross_model,7,enthusiastic,reliability,,,,,,,,,0.9982535380116864,raw,,,True,True,aligned versus misaligned full emotion direction,0.9982535380116864
cross_model_stability,cross_model,8,enthusiastic,reliability,,,,,,,,,0.9978297962392414,raw,,,True,True,aligned versus misaligned full emotion direction,0.9978297962392414
cross_model_stability,cross_model,9,enthusiastic,reliability,,,,,,,,,0.9971939648824345,raw,,,True,True,aligned versus misaligned full emotion direction,0.9971939648824345
cross_model_stability,cross_model,10,enthusiastic,reliability,,,,,,,,,0.9962185191970601,raw,,,True,True,aligned versus misaligned full emotion direction,0.9962185191970601
cross_model_stability,cross_model,11,enthusiastic,reliability,,,,,,,,,0.9963184303798929,raw,,,True,True,aligned versus misaligned full emotion direction,0.9963184303798929
cross_model_stability,cross_model,12,enthusiastic,reliability,,,,,,,,,0.9966279182772944,raw,,,True,True,aligned versus misaligned full emotion direction,0.9966279182772944
cross_model_stability,cross_model,13,enthusiastic,reliability,,,,,,,,,0.9972604526346517,raw,,,True,True,aligned versus misaligned full emotion direction,0.9972604526346517
cross_model_stability,cross_model,14,enthusiastic,reliability,,,,,,,,,0.9974869552017941,raw,,,True,True,aligned versus misaligned full emotion direction,0.9974869552017941
cross_model_stability,cross_model,15,enthusiastic,reliability,,,,,,,,,0.9979225023520244,raw,,,True,True,aligned versus misaligned full emotion direction,0.9979225023520244
cross_model_stability,cross_model,16,enthusiastic,reliability,,,,,,,,,0.9978949555137437,raw,,,True,True,aligned versus misaligned full emotion direction,0.9978949555137437
cross_model_stability,cross_model,17,enthusiastic,reliability,,,,,,,,,0.9980082305075962,raw,,,True,True,aligned versus misaligned full emotion direction,0.9980082305075962
cross_model_stability,cross_model,18,enthusiastic,reliability,,,,,,,,,0.9978551125798872,raw,,,True,True,aligned versus misaligned full emotion direction,0.9978551125798872
cross_model_stability,cross_model,19,enthusiastic,reliability,,,,,,,,,0.9977440533517127,raw,,,True,True,aligned versus misaligned full emotion direction,0.9977440533517127
cross_model_stability,cross_model,20,enthusiastic,reliability,,,,,,,,,0.9977632223320213,raw,,,True,True,aligned versus misaligned full emotion direction,0.9977632223320213
cross_model_stability,cross_model,21,enthusiastic,reliability,,,,,,,,,0.9976222711992289,raw,,,True,True,aligned versus misaligned full emotion direction,0.9976222711992289
cross_model_stability,cross_model,22,enthusiastic,reliability,,,,,,,,,0.9973064928558225,raw,,,True,True,aligned versus misaligned full emotion direction,0.9973064928558225
cross_model_stability,cross_model,23,enthusiastic,reliability,,,,,,,,,0.9970491588568915,raw,,,True,True,aligned versus misaligned full emotion direction,0.9970491588568915
cross_model_stability,cross_model,24,enthusiastic,reliability,,,,,,,,,0.9964066982975694,raw,,,True,True,aligned versus misaligned full emotion direction,0.9964066982975694
cross_model_stability,cross_model,25,enthusiastic,reliability,,,,,,,,,0.9963761604299023,raw,,,True,True,aligned versus misaligned full emotion direction,0.9963761604299023
cross_model_stability,cross_model,26,enthusiastic,reliability,,,,,,,,,0.9947118546731358,raw,,,True,True,aligned versus misaligned full emotion direction,0.9947118546731358
cross_model_stability,cross_model,27,enthusiastic,reliability,,,,,,,,,0.994195443060521,raw,,,True,True,aligned versus misaligned full emotion direction,0.994195443060521
cross_model_stability,cross_model,28,enthusiastic,reliability,,,,,,,,,0.9925200252851323,raw,,,True,True,aligned versus misaligned full emotion direction,0.9925200252851323
cross_model_stability,cross_model,29,enthusiastic,reliability,,,,,,,,,0.9915605034440078,raw,,,True,True,aligned versus misaligned full emotion direction,0.9915605034440078
cross_model_stability,cross_model,30,enthusiastic,reliability,,,,,,,,,0.9907913353863886,raw,,,True,True,aligned versus misaligned full emotion direction,0.9907913353863886
cross_model_stability,cross_model,31,enthusiastic,reliability,,,,,,,,,0.9924549863165988,raw,,,True,True,aligned versus misaligned full emotion direction,0.9924549863165988
cross_model_stability,cross_model,32,enthusiastic,reliability,,,,,,,,,0.9922519171938148,raw,,,True,True,aligned versus misaligned full emotion direction,0.9922519171938148
cross_model_stability,cross_model,33,enthusiastic,reliability,,,,,,,,,0.9930823785805148,raw,,,True,True,aligned versus misaligned full emotion direction,0.9930823785805148
cross_model_stability,cross_model,34,enthusiastic,reliability,,,,,,,,,0.9934876991900417,raw,,,True,True,aligned versus misaligned full emotion direction,0.9934876991900417
cross_model_stability,cross_model,35,enthusiastic,reliability,,,,,,,,,0.9937373928514478,raw,,,True,True,aligned versus misaligned full emotion direction,0.9937373928514478
cross_model_stability,cross_model,36,enthusiastic,reliability,,,,,,,,,0.9924379479256467,raw,,,True,True,aligned versus misaligned full emotion direction,0.9924379479256467
cross_model_stability,cross_model,37,enthusiastic,reliability,,,,,,,,,0.9922769953276411,raw,,,True,True,aligned versus misaligned full emotion direction,0.9922769953276411
cross_model_stability,cross_model,38,enthusiastic,reliability,,,,,,,,,0.992422065436471,raw,,,True,True,aligned versus misaligned full emotion direction,0.992422065436471
cross_model_stability,cross_model,39,enthusiastic,reliability,,,,,,,,,0.9926316312096213,raw,,,True,True,aligned versus misaligned full emotion direction,0.9926316312096213
cross_model_stability,cross_model,40,enthusiastic,reliability,,,,,,,,,0.9929426578628645,raw,,,True,True,aligned versus misaligned full emotion direction,0.9929426578628645
cross_model_stability,cross_model,41,enthusiastic,reliability,,,,,,,,,0.99293594657621,raw,,,True,True,aligned versus misaligned full emotion direction,0.99293594657621
cross_model_stability,cross_model,42,enthusiastic,reliability,,,,,,,,,0.9925029405355876,raw,,,True,True,aligned versus misaligned full emotion direction,0.9925029405355876
cross_model_stability,cross_model,43,enthusiastic,reliability,,,,,,,,,0.9925134252122884,raw,,,True,True,aligned versus misaligned full emotion direction,0.9925134252122884
cross_model_stability,cross_model,44,enthusiastic,reliability,,,,,,,,,0.9924665574635629,raw,,,True,True,aligned versus misaligned full emotion direction,0.9924665574635629
cross_model_stability,cross_model,45,enthusiastic,reliability,,,,,,,,,0.9919309658475837,raw,,,True,True,aligned versus misaligned full emotion direction,0.9919309658475837
cross_model_stability,cross_model,46,enthusiastic,reliability,,,,,,,,,0.992794646432096,raw,,,True,True,aligned versus misaligned full emotion direction,0.992794646432096
cross_model_stability,cross_model,47,enthusiastic,reliability,,,,,,,,,0.9948098466545489,raw,,,True,True,aligned versus misaligned full emotion direction,0.9948098466545489
cross_model_stability,cross_model,0,excited,reliability,,,,,,,,,0.9998457949953121,raw,,,True,True,aligned versus misaligned full emotion direction,0.9998457949953121
cross_model_stability,cross_model,1,excited,reliability,,,,,,,,,0.9998139545405872,raw,,,True,True,aligned versus misaligned full emotion direction,0.9998139545405872
cross_model_stability,cross_model,2,excited,reliability,,,,,,,,,0.9997376035045886,raw,,,True,True,aligned versus misaligned full emotion direction,0.9997376035045886
cross_model_stability,cross_model,3,excited,reliability,,,,,,,,,0.9996308530742364,raw,,,True,True,aligned versus misaligned full emotion direction,0.9996308530742364
cross_model_stability,cross_model,4,excited,reliability,,,,,,,,,0.9995402342042705,raw,,,True,True,aligned versus misaligned full emotion direction,0.9995402342042705
cross_model_stability,cross_model,5,excited,reliability,,,,,,,,,0.9993140621950112,raw,,,True,True,aligned versus misaligned full emotion direction,0.9993140621950112
cross_model_stability,cross_model,6,excited,reliability,,,,,,,,,0.9991046140473819,raw,,,True,True,aligned versus misaligned full emotion direction,0.9991046140473819
cross_model_stability,cross_model,7,excited,reliability,,,,,,,,,0.9990063710548516,raw,,,True,True,aligned versus misaligned full emotion direction,0.9990063710548516
cross_model_stability,cross_model,8,excited,reliability,,,,,,,,,0.9985309007953008,raw,,,True,True,aligned versus misaligned full emotion direction,0.9985309007953008
cross_model_stability,cross_model,9,excited,reliability,,,,,,,,,0.9981164311915729,raw,,,True,True,aligned versus misaligned full emotion direction,0.9981164311915729
cross_model_stability,cross_model,10,excited,reliability,,,,,,,,,0.9959447326845682,raw,,,True,True,aligned versus misaligned full emotion direction,0.9959447326845682
cross_model_stability,cross_model,11,excited,reliability,,,,,,,,,0.995765913225347,raw,,,True,True,aligned versus misaligned full emotion direction,0.995765913225347
cross_model_stability,cross_model,12,excited,reliability,,,,,,,,,0.9953905546597481,raw,,,True,True,aligned versus misaligned full emotion direction,0.9953905546597481
cross_model_stability,cross_model,13,excited,reliability,,,,,,,,,0.9957772796368167,raw,,,True,True,aligned versus misaligned full emotion direction,0.9957772796368167
cross_model_stability,cross_model,14,excited,reliability,,,,,,,,,0.9953047540065453,raw,,,True,True,aligned versus misaligned full emotion direction,0.9953047540065453
cross_model_stability,cross_model,15,excited,reliability,,,,,,,,,0.9964945623280682,raw,,,True,True,aligned versus misaligned full emotion direction,0.9964945623280682
cross_model_stability,cross_model,16,excited,reliability,,,,,,,,,0.9970355771380255,raw,,,True,True,aligned versus misaligned full emotion direction,0.9970355771380255
cross_model_stability,cross_model,17,excited,reliability,,,,,,,,,0.997152289314901,raw,,,True,True,aligned versus misaligned full emotion direction,0.997152289314901
cross_model_stability,cross_model,18,excited,reliability,,,,,,,,,0.9965266120704168,raw,,,True,True,aligned versus misaligned full emotion direction,0.9965266120704168
cross_model_stability,cross_model,19,excited,reliability,,,,,,,,,0.9963124205233663,raw,,,True,True,aligned versus misaligned full emotion direction,0.9963124205233663
cross_model_stability,cross_model,20,excited,reliability,,,,,,,,,0.9961354993631173,raw,,,True,True,aligned versus misaligned full emotion direction,0.9961354993631173
cross_model_stability,cross_model,21,excited,reliability,,,,,,,,,0.9963988084291835,raw,,,True,True,aligned versus misaligned full emotion direction,0.9963988084291835
cross_model_stability,cross_model,22,excited,reliability,,,,,,,,,0.9959666032528386,raw,,,True,True,aligned versus misaligned full emotion direction,0.9959666032528386
cross_model_stability,cross_model,23,excited,reliability,,,,,,,,,0.9964226253525542,raw,,,True,True,aligned versus misaligned full emotion direction,0.9964226253525542
cross_model_stability,cross_model,24,excited,reliability,,,,,,,,,0.996719351219046,raw,,,True,True,aligned versus misaligned full emotion direction,0.996719351219046
cross_model_stability,cross_model,25,excited,reliability,,,,,,,,,0.9968882329385361,raw,,,True,True,aligned versus misaligned full emotion direction,0.9968882329385361
cross_model_stability,cross_model,26,excited,reliability,,,,,,,,,0.99586685574891,raw,,,True,True,aligned versus misaligned full emotion direction,0.99586685574891
cross_model_stability,cross_model,27,excited,reliability,,,,,,,,,0.99538147137744,raw,,,True,True,aligned versus misaligned full emotion direction,0.99538147137744
cross_model_stability,cross_model,28,excited,reliability,,,,,,,,,0.994714084189429,raw,,,True,True,aligned versus misaligned full emotion direction,0.994714084189429
cross_model_stability,cross_model,29,excited,reliability,,,,,,,,,0.9941422260840808,raw,,,True,True,aligned versus misaligned full emotion direction,0.9941422260840808
cross_model_stability,cross_model,30,excited,reliability,,,,,,,,,0.9941125341868735,raw,,,True,True,aligned versus misaligned full emotion direction,0.9941125341868735
cross_model_stability,cross_model,31,excited,reliability,,,,,,,,,0.9949496929552897,raw,,,True,True,aligned versus misaligned full emotion direction,0.9949496929552897
cross_model_stability,cross_model,32,excited,reliability,,,,,,,,,0.9948456977834874,raw,,,True,True,aligned versus misaligned full emotion direction,0.9948456977834874
cross_model_stability,cross_model,33,excited,reliability,,,,,,,,,0.995193796361921,raw,,,True,True,aligned versus misaligned full emotion direction,0.995193796361921
cross_model_stability,cross_model,34,excited,reliability,,,,,,,,,0.9952465104028886,raw,,,True,True,aligned versus misaligned full emotion direction,0.9952465104028886
cross_model_stability,cross_model,35,excited,reliability,,,,,,,,,0.9956719459060991,raw,,,True,True,aligned versus misaligned full emotion direction,0.9956719459060991
cross_model_stability,cross_model,36,excited,reliability,,,,,,,,,0.9943349422336657,raw,,,True,True,aligned versus misaligned full emotion direction,0.9943349422336657
cross_model_stability,cross_model,37,excited,reliability,,,,,,,,,0.9938725098269435,raw,,,True,True,aligned versus misaligned full emotion direction,0.9938725098269435
cross_model_stability,cross_model,38,excited,reliability,,,,,,,,,0.99412984349874,raw,,,True,True,aligned versus misaligned full emotion direction,0.99412984349874
cross_model_stability,cross_model,39,excited,reliability,,,,,,,,,0.9938792813800285,raw,,,True,True,aligned versus misaligned full emotion direction,0.9938792813800285
cross_model_stability,cross_model,40,excited,reliability,,,,,,,,,0.9940125349733505,raw,,,True,True,aligned versus misaligned full emotion direction,0.9940125349733505
cross_model_stability,cross_model,41,excited,reliability,,,,,,,,,0.9939358605224532,raw,,,True,True,aligned versus misaligned full emotion direction,0.9939358605224532
cross_model_stability,cross_model,42,excited,reliability,,,,,,,,,0.9938515036169526,raw,,,True,True,aligned versus misaligned full emotion direction,0.9938515036169526
cross_model_stability,cross_model,43,excited,reliability,,,,,,,,,0.994079587525755,raw,,,True,True,aligned versus misaligned full emotion direction,0.994079587525755
cross_model_stability,cross_model,44,excited,reliability,,,,,,,,,0.993912911011922,raw,,,True,True,aligned versus misaligned full emotion direction,0.993912911011922
cross_model_stability,cross_model,45,excited,reliability,,,,,,,,,0.9929895860282335,raw,,,True,True,aligned versus misaligned full emotion direction,0.9929895860282335
cross_model_stability,cross_model,46,excited,reliability,,,,,,,,,0.9934167786523665,raw,,,True,True,aligned versus misaligned full emotion direction,0.9934167786523665
cross_model_stability,cross_model,47,excited,reliability,,,,,,,,,0.9920465236449095,raw,,,True,True,aligned versus misaligned full emotion direction,0.9920465236449095
cross_model_stability,cross_model,0,furious,reliability,,,,,,,,,0.9998468598580441,raw,,,True,True,aligned versus misaligned full emotion direction,0.9998468598580441
cross_model_stability,cross_model,1,furious,reliability,,,,,,,,,0.9998402217744372,raw,,,True,True,aligned versus misaligned full emotion direction,0.9998402217744372
cross_model_stability,cross_model,2,furious,reliability,,,,,,,,,0.9997913673000184,raw,,,True,True,aligned versus misaligned full emotion direction,0.9997913673000184
cross_model_stability,cross_model,3,furious,reliability,,,,,,,,,0.9997602963768952,raw,,,True,True,aligned versus misaligned full emotion direction,0.9997602963768952
cross_model_stability,cross_model,4,furious,reliability,,,,,,,,,0.9997319625990297,raw,,,True,True,aligned versus misaligned full emotion direction,0.9997319625990297
cross_model_stability,cross_model,5,furious,reliability,,,,,,,,,0.9994820806286739,raw,,,True,True,aligned versus misaligned full emotion direction,0.9994820806286739
cross_model_stability,cross_model,6,furious,reliability,,,,,,,,,0.9992809874545863,raw,,,True,True,aligned versus misaligned full emotion direction,0.9992809874545863
cross_model_stability,cross_model,7,furious,reliability,,,,,,,,,0.9989304500724614,raw,,,True,True,aligned versus misaligned full emotion direction,0.9989304500724614
cross_model_stability,cross_model,8,furious,reliability,,,,,,,,,0.9983757052456051,raw,,,True,True,aligned versus misaligned full emotion direction,0.9983757052456051
cross_model_stability,cross_model,9,furious,reliability,,,,,,,,,0.9975340525819469,raw,,,True,True,aligned versus misaligned full emotion direction,0.9975340525819469
cross_model_stability,cross_model,10,furious,reliability,,,,,,,,,0.9961330033547277,raw,,,True,True,aligned versus misaligned full emotion direction,0.9961330033547277
cross_model_stability,cross_model,11,furious,reliability,,,,,,,,,0.995841598386648,raw,,,True,True,aligned versus misaligned full emotion direction,0.995841598386648
cross_model_stability,cross_model,12,furious,reliability,,,,,,,,,0.9966174251261521,raw,,,True,True,aligned versus misaligned full emotion direction,0.9966174251261521
cross_model_stability,cross_model,13,furious,reliability,,,,,,,,,0.9974424683420248,raw,,,True,True,aligned versus misaligned full emotion direction,0.9974424683420248
cross_model_stability,cross_model,14,furious,reliability,,,,,,,,,0.9978043495737002,raw,,,True,True,aligned versus misaligned full emotion direction,0.9978043495737002
cross_model_stability,cross_model,15,furious,reliability,,,,,,,,,0.9980682199146874,raw,,,True,True,aligned versus misaligned full emotion direction,0.9980682199146874
cross_model_stability,cross_model,16,furious,reliability,,,,,,,,,0.9979015377373116,raw,,,True,True,aligned versus misaligned full emotion direction,0.9979015377373116
cross_model_stability,cross_model,17,furious,reliability,,,,,,,,,0.998095648965475,raw,,,True,True,aligned versus misaligned full emotion direction,0.998095648965475
cross_model_stability,cross_model,18,furious,reliability,,,,,,,,,0.9981034339736535,raw,,,True,True,aligned versus misaligned full emotion direction,0.9981034339736535
cross_model_stability,cross_model,19,furious,reliability,,,,,,,,,0.9979830813682166,raw,,,True,True,aligned versus misaligned full emotion direction,0.9979830813682166
cross_model_stability,cross_model,20,furious,reliability,,,,,,,,,0.9980405203585063,raw,,,True,True,aligned versus misaligned full emotion direction,0.9980405203585063
cross_model_stability,cross_model,21,furious,reliability,,,,,,,,,0.9978608423310779,raw,,,True,True,aligned versus misaligned full emotion direction,0.9978608423310779
cross_model_stability,cross_model,22,furious,reliability,,,,,,,,,0.9975711066851021,raw,,,True,True,aligned versus misaligned full emotion direction,0.9975711066851021
cross_model_stability,cross_model,23,furious,reliability,,,,,,,,,0.997407260307456,raw,,,True,True,aligned versus misaligned full emotion direction,0.997407260307456
cross_model_stability,cross_model,24,furious,reliability,,,,,,,,,0.9972596680701282,raw,,,True,True,aligned versus misaligned full emotion direction,0.9972596680701282
cross_model_stability,cross_model,25,furious,reliability,,,,,,,,,0.996854785107889,raw,,,True,True,aligned versus misaligned full emotion direction,0.996854785107889
cross_model_stability,cross_model,26,furious,reliability,,,,,,,,,0.9948485201696725,raw,,,True,True,aligned versus misaligned full emotion direction,0.9948485201696725
cross_model_stability,cross_model,27,furious,reliability,,,,,,,,,0.9944107935245078,raw,,,True,True,aligned versus misaligned full emotion direction,0.9944107935245078
cross_model_stability,cross_model,28,furious,reliability,,,,,,,,,0.992033850894451,raw,,,True,True,aligned versus misaligned full emotion direction,0.992033850894451
cross_model_stability,cross_model,29,furious,reliability,,,,,,,,,0.9906069437792359,raw,,,True,True,aligned versus misaligned full emotion direction,0.9906069437792359
cross_model_stability,cross_model,30,furious,reliability,,,,,,,,,0.9892883430903354,raw,,,True,True,aligned versus misaligned full emotion direction,0.9892883430903354
cross_model_stability,cross_model,31,furious,reliability,,,,,,,,,0.9902089227785988,raw,,,True,True,aligned versus misaligned full emotion direction,0.9902089227785988
cross_model_stability,cross_model,32,furious,reliability,,,,,,,,,0.9898682549454282,raw,,,True,True,aligned versus misaligned full emotion direction,0.9898682549454282
cross_model_stability,cross_model,33,furious,reliability,,,,,,,,,0.9899821156616303,raw,,,True,True,aligned versus misaligned full emotion direction,0.9899821156616303
cross_model_stability,cross_model,34,furious,reliability,,,,,,,,,0.9911368842108277,raw,,,True,True,aligned versus misaligned full emotion direction,0.9911368842108277
cross_model_stability,cross_model,35,furious,reliability,,,,,,,,,0.9918122290763532,raw,,,True,True,aligned versus misaligned full emotion direction,0.9918122290763532
cross_model_stability,cross_model,36,furious,reliability,,,,,,,,,0.9899970910705016,raw,,,True,True,aligned versus misaligned full emotion direction,0.9899970910705016
cross_model_stability,cross_model,37,furious,reliability,,,,,,,,,0.9885998682503698,raw,,,True,True,aligned versus misaligned full emotion direction,0.9885998682503698
cross_model_stability,cross_model,38,furious,reliability,,,,,,,,,0.9886604707185291,raw,,,True,True,aligned versus misaligned full emotion direction,0.9886604707185291
cross_model_stability,cross_model,39,furious,reliability,,,,,,,,,0.988362010109821,raw,,,True,True,aligned versus misaligned full emotion direction,0.988362010109821
cross_model_stability,cross_model,40,furious,reliability,,,,,,,,,0.9888575652224391,raw,,,True,True,aligned versus misaligned full emotion direction,0.9888575652224391
cross_model_stability,cross_model,41,furious,reliability,,,,,,,,,0.9886744394308715,raw,,,True,True,aligned versus misaligned full emotion direction,0.9886744394308715
cross_model_stability,cross_model,42,furious,reliability,,,,,,,,,0.9885126837642955,raw,,,True,True,aligned versus misaligned full emotion direction,0.9885126837642955
cross_model_stability,cross_model,43,furious,reliability,,,,,,,,,0.9889209876005788,raw,,,True,True,aligned versus misaligned full emotion direction,0.9889209876005788
cross_model_stability,cross_model,44,furious,reliability,,,,,,,,,0.9894831807205661,raw,,,True,True,aligned versus misaligned full emotion direction,0.9894831807205661
cross_model_stability,cross_model,45,furious,reliability,,,,,,,,,0.9892049524052204,raw,,,True,True,aligned versus misaligned full emotion direction,0.9892049524052204
cross_model_stability,cross_model,46,furious,reliability,,,,,,,,,0.990265760221963,raw,,,True,True,aligned versus misaligned full emotion direction,0.990265760221963
cross_model_stability,cross_model,47,furious,reliability,,,,,,,,,0.9961445667947533,raw,,,True,True,aligned versus misaligned full emotion direction,0.9961445667947533
cross_model_stability,cross_model,0,gloomy,reliability,,,,,,,,,0.9998577459811534,raw,,,True,True,aligned versus misaligned full emotion direction,0.9998577459811534
cross_model_stability,cross_model,1,gloomy,reliability,,,,,,,,,0.9998070997752433,raw,,,True,True,aligned versus misaligned full emotion direction,0.9998070997752433
cross_model_stability,cross_model,2,gloomy,reliability,,,,,,,,,0.9997254787600224,raw,,,True,True,aligned versus misaligned full emotion direction,0.9997254787600224
cross_model_stability,cross_model,3,gloomy,reliability,,,,,,,,,0.9996610609309295,raw,,,True,True,aligned versus misaligned full emotion direction,0.9996610609309295
cross_model_stability,cross_model,4,gloomy,reliability,,,,,,,,,0.9995636736517161,raw,,,True,True,aligned versus misaligned full emotion direction,0.9995636736517161
cross_model_stability,cross_model,5,gloomy,reliability,,,,,,,,,0.9992233508522911,raw,,,True,True,aligned versus misaligned full emotion direction,0.9992233508522911
cross_model_stability,cross_model,6,gloomy,reliability,,,,,,,,,0.9985311253348018,raw,,,True,True,aligned versus misaligned full emotion direction,0.9985311253348018
cross_model_stability,cross_model,7,gloomy,reliability,,,,,,,,,0.998328974187406,raw,,,True,True,aligned versus misaligned full emotion direction,0.998328974187406
cross_model_stability,cross_model,8,gloomy,reliability,,,,,,,,,0.9978471351654966,raw,,,True,True,aligned versus misaligned full emotion direction,0.9978471351654966
cross_model_stability,cross_model,9,gloomy,reliability,,,,,,,,,0.9978757051817593,raw,,,True,True,aligned versus misaligned full emotion direction,0.9978757051817593
cross_model_stability,cross_model,10,gloomy,reliability,,,,,,,,,0.9972653579325496,raw,,,True,True,aligned versus misaligned full emotion direction,0.9972653579325496
cross_model_stability,cross_model,11,gloomy,reliability,,,,,,,,,0.9975206085298998,raw,,,True,True,aligned versus misaligned full emotion direction,0.9975206085298998
cross_model_stability,cross_model,12,gloomy,reliability,,,,,,,,,0.9976488217710767,raw,,,True,True,aligned versus misaligned full emotion direction,0.9976488217710767
cross_model_stability,cross_model,13,gloomy,reliability,,,,,,,,,0.9976978301949211,raw,,,True,True,aligned versus misaligned full emotion direction,0.9976978301949211
cross_model_stability,cross_model,14,gloomy,reliability,,,,,,,,,0.9977774265383043,raw,,,True,True,aligned versus misaligned full emotion direction,0.9977774265383043
cross_model_stability,cross_model,15,gloomy,reliability,,,,,,,,,0.9978703453401182,raw,,,True,True,aligned versus misaligned full emotion direction,0.9978703453401182
cross_model_stability,cross_model,16,gloomy,reliability,,,,,,,,,0.9977134823799443,raw,,,True,True,aligned versus misaligned full emotion direction,0.9977134823799443
cross_model_stability,cross_model,17,gloomy,reliability,,,,,,,,,0.9979695746728378,raw,,,True,True,aligned versus misaligned full emotion direction,0.9979695746728378
cross_model_stability,cross_model,18,gloomy,reliability,,,,,,,,,0.9978318433844389,raw,,,True,True,aligned versus misaligned full emotion direction,0.9978318433844389
cross_model_stability,cross_model,19,gloomy,reliability,,,,,,,,,0.9973477845955336,raw,,,True,True,aligned versus misaligned full emotion direction,0.9973477845955336
cross_model_stability,cross_model,20,gloomy,reliability,,,,,,,,,0.9973542360062528,raw,,,True,True,aligned versus misaligned full emotion direction,0.9973542360062528
cross_model_stability,cross_model,21,gloomy,reliability,,,,,,,,,0.9972952587572188,raw,,,True,True,aligned versus misaligned full emotion direction,0.9972952587572188
cross_model_stability,cross_model,22,gloomy,reliability,,,,,,,,,0.9968430987532546,raw,,,True,True,aligned versus misaligned full emotion direction,0.9968430987532546
cross_model_stability,cross_model,23,gloomy,reliability,,,,,,,,,0.9960751245936859,raw,,,True,True,aligned versus misaligned full emotion direction,0.9960751245936859
cross_model_stability,cross_model,24,gloomy,reliability,,,,,,,,,0.9942814462821752,raw,,,True,True,aligned versus misaligned full emotion direction,0.9942814462821752
cross_model_stability,cross_model,25,gloomy,reliability,,,,,,,,,0.9938823797139126,raw,,,True,True,aligned versus misaligned full emotion direction,0.9938823797139126
cross_model_stability,cross_model,26,gloomy,reliability,,,,,,,,,0.991653078316197,raw,,,True,True,aligned versus misaligned full emotion direction,0.991653078316197
cross_model_stability,cross_model,27,gloomy,reliability,,,,,,,,,0.9916565641729365,raw,,,True,True,aligned versus misaligned full emotion direction,0.9916565641729365
cross_model_stability,cross_model,28,gloomy,reliability,,,,,,,,,0.9934113142893389,raw,,,True,True,aligned versus misaligned full emotion direction,0.9934113142893389
cross_model_stability,cross_model,29,gloomy,reliability,,,,,,,,,0.9942765700932085,raw,,,True,True,aligned versus misaligned full emotion direction,0.9942765700932085
cross_model_stability,cross_model,30,gloomy,reliability,,,,,,,,,0.9944235121342014,raw,,,True,True,aligned versus misaligned full emotion direction,0.9944235121342014
cross_model_stability,cross_model,31,gloomy,reliability,,,,,,,,,0.9953706895860394,raw,,,True,True,aligned versus misaligned full emotion direction,0.9953706895860394
cross_model_stability,cross_model,32,gloomy,reliability,,,,,,,,,0.995415344770888,raw,,,True,True,aligned versus misaligned full emotion direction,0.995415344770888
cross_model_stability,cross_model,33,gloomy,reliability,,,,,,,,,0.9960284535361393,raw,,,True,True,aligned versus misaligned full emotion direction,0.9960284535361393
cross_model_stability,cross_model,34,gloomy,reliability,,,,,,,,,0.9962930057591456,raw,,,True,True,aligned versus misaligned full emotion direction,0.9962930057591456
cross_model_stability,cross_model,35,gloomy,reliability,,,,,,,,,0.9965757466939327,raw,,,True,True,aligned versus misaligned full emotion direction,0.9965757466939327
cross_model_stability,cross_model,36,gloomy,reliability,,,,,,,,,0.9964572609205663,raw,,,True,True,aligned versus misaligned full emotion direction,0.9964572609205663
cross_model_stability,cross_model,37,gloomy,reliability,,,,,,,,,0.996628176054571,raw,,,True,True,aligned versus misaligned full emotion direction,0.996628176054571
cross_model_stability,cross_model,38,gloomy,reliability,,,,,,,,,0.9968617068965193,raw,,,True,True,aligned versus misaligned full emotion direction,0.9968617068965193
cross_model_stability,cross_model,39,gloomy,reliability,,,,,,,,,0.9968192397670295,raw,,,True,True,aligned versus misaligned full emotion direction,0.9968192397670295
cross_model_stability,cross_model,40,gloomy,reliability,,,,,,,,,0.9970538969421715,raw,,,True,True,aligned versus misaligned full emotion direction,0.9970538969421715
cross_model_stability,cross_model,41,gloomy,reliability,,,,,,,,,0.9970568497852393,raw,,,True,True,aligned versus misaligned full emotion direction,0.9970568497852393
cross_model_stability,cross_model,42,gloomy,reliability,,,,,,,,,0.9970529066319005,raw,,,True,True,aligned versus misaligned full emotion direction,0.9970529066319005
cross_model_stability,cross_model,43,gloomy,reliability,,,,,,,,,0.9969854640144371,raw,,,True,True,aligned versus misaligned full emotion direction,0.9969854640144371
cross_model_stability,cross_model,44,gloomy,reliability,,,,,,,,,0.9968293702204636,raw,,,True,True,aligned versus misaligned full emotion direction,0.9968293702204636
cross_model_stability,cross_model,45,gloomy,reliability,,,,,,,,,0.9965393525854431,raw,,,True,True,aligned versus misaligned full emotion direction,0.9965393525854431
cross_model_stability,cross_model,46,gloomy,reliability,,,,,,,,,0.995797997898232,raw,,,True,True,aligned versus misaligned full emotion direction,0.995797997898232
cross_model_stability,cross_model,47,gloomy,reliability,,,,,,,,,0.9965660023449108,raw,,,True,True,aligned versus misaligned full emotion direction,0.9965660023449108
cross_model_stability,cross_model,0,joyful,reliability,,,,,,,,,0.9998169219342481,raw,,,True,True,aligned versus misaligned full emotion direction,0.9998169219342481
cross_model_stability,cross_model,1,joyful,reliability,,,,,,,,,0.9997676365823543,raw,,,True,True,aligned versus misaligned full emotion direction,0.9997676365823543
cross_model_stability,cross_model,2,joyful,reliability,,,,,,,,,0.9996967882691906,raw,,,True,True,aligned versus misaligned full emotion direction,0.9996967882691906
cross_model_stability,cross_model,3,joyful,reliability,,,,,,,,,0.999648705786405,raw,,,True,True,aligned versus misaligned full emotion direction,0.999648705786405
cross_model_stability,cross_model,4,joyful,reliability,,,,,,,,,0.9996107185913429,raw,,,True,True,aligned versus misaligned full emotion direction,0.9996107185913429
cross_model_stability,cross_model,5,joyful,reliability,,,,,,,,,0.9993398128854543,raw,,,True,True,aligned versus misaligned full emotion direction,0.9993398128854543
cross_model_stability,cross_model,6,joyful,reliability,,,,,,,,,0.998717246278683,raw,,,True,True,aligned versus misaligned full emotion direction,0.998717246278683
cross_model_stability,cross_model,7,joyful,reliability,,,,,,,,,0.9985752082291747,raw,,,True,True,aligned versus misaligned full emotion direction,0.9985752082291747
cross_model_stability,cross_model,8,joyful,reliability,,,,,,,,,0.9980135059910898,raw,,,True,True,aligned versus misaligned full emotion direction,0.9980135059910898
cross_model_stability,cross_model,9,joyful,reliability,,,,,,,,,0.9973043962167165,raw,,,True,True,aligned versus misaligned full emotion direction,0.9973043962167165
cross_model_stability,cross_model,10,joyful,reliability,,,,,,,,,0.9962474665425447,raw,,,True,True,aligned versus misaligned full emotion direction,0.9962474665425447
cross_model_stability,cross_model,11,joyful,reliability,,,,,,,,,0.9963928060990169,raw,,,True,True,aligned versus misaligned full emotion direction,0.9963928060990169
cross_model_stability,cross_model,12,joyful,reliability,,,,,,,,,0.996420709139217,raw,,,True,True,aligned versus misaligned full emotion direction,0.996420709139217
cross_model_stability,cross_model,13,joyful,reliability,,,,,,,,,0.9970073939902373,raw,,,True,True,aligned versus misaligned full emotion direction,0.9970073939902373
cross_model_stability,cross_model,14,joyful,reliability,,,,,,,,,0.9972791440671678,raw,,,True,True,aligned versus misaligned full emotion direction,0.9972791440671678
cross_model_stability,cross_model,15,joyful,reliability,,,,,,,,,0.9977553553291556,raw,,,True,True,aligned versus misaligned full emotion direction,0.9977553553291556
cross_model_stability,cross_model,16,joyful,reliability,,,,,,,,,0.9977955640417911,raw,,,True,True,aligned versus misaligned full emotion direction,0.9977955640417911
cross_model_stability,cross_model,17,joyful,reliability,,,,,,,,,0.9978092756931557,raw,,,True,True,aligned versus misaligned full emotion direction,0.9978092756931557
cross_model_stability,cross_model,18,joyful,reliability,,,,,,,,,0.9979040067764302,raw,,,True,True,aligned versus misaligned full emotion direction,0.9979040067764302
cross_model_stability,cross_model,19,joyful,reliability,,,,,,,,,0.997950987424747,raw,,,True,True,aligned versus misaligned full emotion direction,0.997950987424747
cross_model_stability,cross_model,20,joyful,reliability,,,,,,,,,0.9979658446933667,raw,,,True,True,aligned versus misaligned full emotion direction,0.9979658446933667
cross_model_stability,cross_model,21,joyful,reliability,,,,,,,,,0.9978973540579493,raw,,,True,True,aligned versus misaligned full emotion direction,0.9978973540579493
cross_model_stability,cross_model,22,joyful,reliability,,,,,,,,,0.9976987545316768,raw,,,True,True,aligned versus misaligned full emotion direction,0.9976987545316768
cross_model_stability,cross_model,23,joyful,reliability,,,,,,,,,0.9978434419640355,raw,,,True,True,aligned versus misaligned full emotion direction,0.9978434419640355
cross_model_stability,cross_model,24,joyful,reliability,,,,,,,,,0.9979682101647812,raw,,,True,True,aligned versus misaligned full emotion direction,0.9979682101647812
cross_model_stability,cross_model,25,joyful,reliability,,,,,,,,,0.9980166666772315,raw,,,True,True,aligned versus misaligned full emotion direction,0.9980166666772315
cross_model_stability,cross_model,26,joyful,reliability,,,,,,,,,0.997460357797163,raw,,,True,True,aligned versus misaligned full emotion direction,0.997460357797163
cross_model_stability,cross_model,27,joyful,reliability,,,,,,,,,0.9971438629382154,raw,,,True,True,aligned versus misaligned full emotion direction,0.9971438629382154
cross_model_stability,cross_model,28,joyful,reliability,,,,,,,,,0.9954331111805174,raw,,,True,True,aligned versus misaligned full emotion direction,0.9954331111805174
cross_model_stability,cross_model,29,joyful,reliability,,,,,,,,,0.9946036312189498,raw,,,True,True,aligned versus misaligned full emotion direction,0.9946036312189498
cross_model_stability,cross_model,30,joyful,reliability,,,,,,,,,0.9949038782979817,raw,,,True,True,aligned versus misaligned full emotion direction,0.9949038782979817
cross_model_stability,cross_model,31,joyful,reliability,,,,,,,,,0.9956264608658348,raw,,,True,True,aligned versus misaligned full emotion direction,0.9956264608658348
cross_model_stability,cross_model,32,joyful,reliability,,,,,,,,,0.9955781600320687,raw,,,True,True,aligned versus misaligned full emotion direction,0.9955781600320687
cross_model_stability,cross_model,33,joyful,reliability,,,,,,,,,0.9957279109671014,raw,,,True,True,aligned versus misaligned full emotion direction,0.9957279109671014
cross_model_stability,cross_model,34,joyful,reliability,,,,,,,,,0.9960735650086306,raw,,,True,True,aligned versus misaligned full emotion direction,0.9960735650086306
cross_model_stability,cross_model,35,joyful,reliability,,,,,,,,,0.9963236815449769,raw,,,True,True,aligned versus misaligned full emotion direction,0.9963236815449769
cross_model_stability,cross_model,36,joyful,reliability,,,,,,,,,0.9953649371019471,raw,,,True,True,aligned versus misaligned full emotion direction,0.9953649371019471
cross_model_stability,cross_model,37,joyful,reliability,,,,,,,,,0.9949407111387294,raw,,,True,True,aligned versus misaligned full emotion direction,0.9949407111387294
cross_model_stability,cross_model,38,joyful,reliability,,,,,,,,,0.9953503021138989,raw,,,True,True,aligned versus misaligned full emotion direction,0.9953503021138989
cross_model_stability,cross_model,39,joyful,reliability,,,,,,,,,0.9952290140581109,raw,,,True,True,aligned versus misaligned full emotion direction,0.9952290140581109
cross_model_stability,cross_model,40,joyful,reliability,,,,,,,,,0.9953744868062323,raw,,,True,True,aligned versus misaligned full emotion direction,0.9953744868062323
cross_model_stability,cross_model,41,joyful,reliability,,,,,,,,,0.9954645901818324,raw,,,True,True,aligned versus misaligned full emotion direction,0.9954645901818324
cross_model_stability,cross_model,42,joyful,reliability,,,,,,,,,0.9955173124252437,raw,,,True,True,aligned versus misaligned full emotion direction,0.9955173124252437
cross_model_stability,cross_model,43,joyful,reliability,,,,,,,,,0.9957928048345513,raw,,,True,True,aligned versus misaligned full emotion direction,0.9957928048345513
cross_model_stability,cross_model,44,joyful,reliability,,,,,,,,,0.9959520780928441,raw,,,True,True,aligned versus misaligned full emotion direction,0.9959520780928441
cross_model_stability,cross_model,45,joyful,reliability,,,,,,,,,0.9958204624265945,raw,,,True,True,aligned versus misaligned full emotion direction,0.9958204624265945
cross_model_stability,cross_model,46,joyful,reliability,,,,,,,,,0.9957311684390671,raw,,,True,True,aligned versus misaligned full emotion direction,0.9957311684390671
cross_model_stability,cross_model,47,joyful,reliability,,,,,,,,,0.9969349025735718,raw,,,True,True,aligned versus misaligned full emotion direction,0.9969349025735718
cross_model_stability,cross_model,0,miserable,reliability,,,,,,,,,0.9998579970367703,raw,,,True,True,aligned versus misaligned full emotion direction,0.9998579970367703
cross_model_stability,cross_model,1,miserable,reliability,,,,,,,,,0.9998227504630168,raw,,,True,True,aligned versus misaligned full emotion direction,0.9998227504630168
cross_model_stability,cross_model,2,miserable,reliability,,,,,,,,,0.9997539708235998,raw,,,True,True,aligned versus misaligned full emotion direction,0.9997539708235998
cross_model_stability,cross_model,3,miserable,reliability,,,,,,,,,0.999691426055992,raw,,,True,True,aligned versus misaligned full emotion direction,0.999691426055992
cross_model_stability,cross_model,4,miserable,reliability,,,,,,,,,0.9996482491418837,raw,,,True,True,aligned versus misaligned full emotion direction,0.9996482491418837
cross_model_stability,cross_model,5,miserable,reliability,,,,,,,,,0.9992987605029134,raw,,,True,True,aligned versus misaligned full emotion direction,0.9992987605029134
cross_model_stability,cross_model,6,miserable,reliability,,,,,,,,,0.9987340563806392,raw,,,True,True,aligned versus misaligned full emotion direction,0.9987340563806392
cross_model_stability,cross_model,7,miserable,reliability,,,,,,,,,0.9985993403689238,raw,,,True,True,aligned versus misaligned full emotion direction,0.9985993403689238
cross_model_stability,cross_model,8,miserable,reliability,,,,,,,,,0.9981172123719595,raw,,,True,True,aligned versus misaligned full emotion direction,0.9981172123719595
cross_model_stability,cross_model,9,miserable,reliability,,,,,,,,,0.9972526688688845,raw,,,True,True,aligned versus misaligned full emotion direction,0.9972526688688845
cross_model_stability,cross_model,10,miserable,reliability,,,,,,,,,0.9954275232566577,raw,,,True,True,aligned versus misaligned full emotion direction,0.9954275232566577
cross_model_stability,cross_model,11,miserable,reliability,,,,,,,,,0.9958829262506326,raw,,,True,True,aligned versus misaligned full emotion direction,0.9958829262506326
cross_model_stability,cross_model,12,miserable,reliability,,,,,,,,,0.9963981016541379,raw,,,True,True,aligned versus misaligned full emotion direction,0.9963981016541379
cross_model_stability,cross_model,13,miserable,reliability,,,,,,,,,0.9970420291382159,raw,,,True,True,aligned versus misaligned full emotion direction,0.9970420291382159
cross_model_stability,cross_model,14,miserable,reliability,,,,,,,,,0.9974252135220188,raw,,,True,True,aligned versus misaligned full emotion direction,0.9974252135220188
cross_model_stability,cross_model,15,miserable,reliability,,,,,,,,,0.9978894339238118,raw,,,True,True,aligned versus misaligned full emotion direction,0.9978894339238118
cross_model_stability,cross_model,16,miserable,reliability,,,,,,,,,0.997952521480737,raw,,,True,True,aligned versus misaligned full emotion direction,0.997952521480737
cross_model_stability,cross_model,17,miserable,reliability,,,,,,,,,0.9979955062216375,raw,,,True,True,aligned versus misaligned full emotion direction,0.9979955062216375
cross_model_stability,cross_model,18,miserable,reliability,,,,,,,,,0.9979664377289221,raw,,,True,True,aligned versus misaligned full emotion direction,0.9979664377289221
cross_model_stability,cross_model,19,miserable,reliability,,,,,,,,,0.9978454988501975,raw,,,True,True,aligned versus misaligned full emotion direction,0.9978454988501975
cross_model_stability,cross_model,20,miserable,reliability,,,,,,,,,0.9978919753548141,raw,,,True,True,aligned versus misaligned full emotion direction,0.9978919753548141
cross_model_stability,cross_model,21,miserable,reliability,,,,,,,,,0.997703654017434,raw,,,True,True,aligned versus misaligned full emotion direction,0.997703654017434
cross_model_stability,cross_model,22,miserable,reliability,,,,,,,,,0.9968438821956669,raw,,,True,True,aligned versus misaligned full emotion direction,0.9968438821956669
cross_model_stability,cross_model,23,miserable,reliability,,,,,,,,,0.9968004724340392,raw,,,True,True,aligned versus misaligned full emotion direction,0.9968004724340392
cross_model_stability,cross_model,24,miserable,reliability,,,,,,,,,0.9966029097513671,raw,,,True,True,aligned versus misaligned full emotion direction,0.9966029097513671
cross_model_stability,cross_model,25,miserable,reliability,,,,,,,,,0.9965627393046562,raw,,,True,True,aligned versus misaligned full emotion direction,0.9965627393046562
cross_model_stability,cross_model,26,miserable,reliability,,,,,,,,,0.9955915078192233,raw,,,True,True,aligned versus misaligned full emotion direction,0.9955915078192233
cross_model_stability,cross_model,27,miserable,reliability,,,,,,,,,0.9947816072439106,raw,,,True,True,aligned versus misaligned full emotion direction,0.9947816072439106
cross_model_stability,cross_model,28,miserable,reliability,,,,,,,,,0.9906413813046129,raw,,,True,True,aligned versus misaligned full emotion direction,0.9906413813046129
cross_model_stability,cross_model,29,miserable,reliability,,,,,,,,,0.9886751016754654,raw,,,True,True,aligned versus misaligned full emotion direction,0.9886751016754654
cross_model_stability,cross_model,30,miserable,reliability,,,,,,,,,0.9870403011309203,raw,,,True,True,aligned versus misaligned full emotion direction,0.9870403011309203
cross_model_stability,cross_model,31,miserable,reliability,,,,,,,,,0.9876157610644813,raw,,,True,True,aligned versus misaligned full emotion direction,0.9876157610644813
cross_model_stability,cross_model,32,miserable,reliability,,,,,,,,,0.9872366192101929,raw,,,True,True,aligned versus misaligned full emotion direction,0.9872366192101929
cross_model_stability,cross_model,33,miserable,reliability,,,,,,,,,0.9870664429824191,raw,,,True,True,aligned versus misaligned full emotion direction,0.9870664429824191
cross_model_stability,cross_model,34,miserable,reliability,,,,,,,,,0.9878430959307111,raw,,,True,True,aligned versus misaligned full emotion direction,0.9878430959307111
cross_model_stability,cross_model,35,miserable,reliability,,,,,,,,,0.9885654195857978,raw,,,True,True,aligned versus misaligned full emotion direction,0.9885654195857978
cross_model_stability,cross_model,36,miserable,reliability,,,,,,,,,0.9865247061473794,raw,,,True,True,aligned versus misaligned full emotion direction,0.9865247061473794
cross_model_stability,cross_model,37,miserable,reliability,,,,,,,,,0.9850381410236869,raw,,,True,True,aligned versus misaligned full emotion direction,0.9850381410236869
cross_model_stability,cross_model,38,miserable,reliability,,,,,,,,,0.985179358661014,raw,,,True,True,aligned versus misaligned full emotion direction,0.985179358661014
cross_model_stability,cross_model,39,miserable,reliability,,,,,,,,,0.9848644878377267,raw,,,True,True,aligned versus misaligned full emotion direction,0.9848644878377267
cross_model_stability,cross_model,40,miserable,reliability,,,,,,,,,0.9845197913468998,raw,,,True,True,aligned versus misaligned full emotion direction,0.9845197913468998
cross_model_stability,cross_model,41,miserable,reliability,,,,,,,,,0.9845104246979727,raw,,,True,True,aligned versus misaligned full emotion direction,0.9845104246979727
cross_model_stability,cross_model,42,miserable,reliability,,,,,,,,,0.9849813137291682,raw,,,True,True,aligned versus misaligned full emotion direction,0.9849813137291682
cross_model_stability,cross_model,43,miserable,reliability,,,,,,,,,0.9858565035756185,raw,,,True,True,aligned versus misaligned full emotion direction,0.9858565035756185
cross_model_stability,cross_model,44,miserable,reliability,,,,,,,,,0.987330634085244,raw,,,True,True,aligned versus misaligned full emotion direction,0.987330634085244
cross_model_stability,cross_model,45,miserable,reliability,,,,,,,,,0.9865477312320178,raw,,,True,True,aligned versus misaligned full emotion direction,0.9865477312320178
cross_model_stability,cross_model,46,miserable,reliability,,,,,,,,,0.9844953794149702,raw,,,True,True,aligned versus misaligned full emotion direction,0.9844953794149702
cross_model_stability,cross_model,47,miserable,reliability,,,,,,,,,0.9880533438554315,raw,,,True,True,aligned versus misaligned full emotion direction,0.9880533438554315
cross_model_stability,cross_model,0,sad,reliability,,,,,,,,,0.9998651204460475,raw,,,True,True,aligned versus misaligned full emotion direction,0.9998651204460475
cross_model_stability,cross_model,1,sad,reliability,,,,,,,,,0.9998207175644155,raw,,,True,True,aligned versus misaligned full emotion direction,0.9998207175644155
cross_model_stability,cross_model,2,sad,reliability,,,,,,,,,0.999662986044134,raw,,,True,True,aligned versus misaligned full emotion direction,0.999662986044134
cross_model_stability,cross_model,3,sad,reliability,,,,,,,,,0.9995595382330763,raw,,,True,True,aligned versus misaligned full emotion direction,0.9995595382330763
cross_model_stability,cross_model,4,sad,reliability,,,,,,,,,0.9993849649710197,raw,,,True,True,aligned versus misaligned full emotion direction,0.9993849649710197
cross_model_stability,cross_model,5,sad,reliability,,,,,,,,,0.9990582484915893,raw,,,True,True,aligned versus misaligned full emotion direction,0.9990582484915893
cross_model_stability,cross_model,6,sad,reliability,,,,,,,,,0.9985076379934467,raw,,,True,True,aligned versus misaligned full emotion direction,0.9985076379934467
cross_model_stability,cross_model,7,sad,reliability,,,,,,,,,0.9983509079497637,raw,,,True,True,aligned versus misaligned full emotion direction,0.9983509079497637
cross_model_stability,cross_model,8,sad,reliability,,,,,,,,,0.9980105741296383,raw,,,True,True,aligned versus misaligned full emotion direction,0.9980105741296383
cross_model_stability,cross_model,9,sad,reliability,,,,,,,,,0.9974806511035822,raw,,,True,True,aligned versus misaligned full emotion direction,0.9974806511035822
cross_model_stability,cross_model,10,sad,reliability,,,,,,,,,0.9966592105782172,raw,,,True,True,aligned versus misaligned full emotion direction,0.9966592105782172
cross_model_stability,cross_model,11,sad,reliability,,,,,,,,,0.9969862482228702,raw,,,True,True,aligned versus misaligned full emotion direction,0.9969862482228702
cross_model_stability,cross_model,12,sad,reliability,,,,,,,,,0.996781060765412,raw,,,True,True,aligned versus misaligned full emotion direction,0.996781060765412
cross_model_stability,cross_model,13,sad,reliability,,,,,,,,,0.9970736109770767,raw,,,True,True,aligned versus misaligned full emotion direction,0.9970736109770767
cross_model_stability,cross_model,14,sad,reliability,,,,,,,,,0.9972120546581433,raw,,,True,True,aligned versus misaligned full emotion direction,0.9972120546581433
cross_model_stability,cross_model,15,sad,reliability,,,,,,,,,0.9974520546579023,raw,,,True,True,aligned versus misaligned full emotion direction,0.9974520546579023
cross_model_stability,cross_model,16,sad,reliability,,,,,,,,,0.9972389133807034,raw,,,True,True,aligned versus misaligned full emotion direction,0.9972389133807034
cross_model_stability,cross_model,17,sad,reliability,,,,,,,,,0.9975637589267159,raw,,,True,True,aligned versus misaligned full emotion direction,0.9975637589267159
cross_model_stability,cross_model,18,sad,reliability,,,,,,,,,0.9972055189880012,raw,,,True,True,aligned versus misaligned full emotion direction,0.9972055189880012
cross_model_stability,cross_model,19,sad,reliability,,,,,,,,,0.9966727880220181,raw,,,True,True,aligned versus misaligned full emotion direction,0.9966727880220181
cross_model_stability,cross_model,20,sad,reliability,,,,,,,,,0.9966135641646606,raw,,,True,True,aligned versus misaligned full emotion direction,0.9966135641646606
cross_model_stability,cross_model,21,sad,reliability,,,,,,,,,0.9964982695703255,raw,,,True,True,aligned versus misaligned full emotion direction,0.9964982695703255
cross_model_stability,cross_model,22,sad,reliability,,,,,,,,,0.9966713457012447,raw,,,True,True,aligned versus misaligned full emotion direction,0.9966713457012447
cross_model_stability,cross_model,23,sad,reliability,,,,,,,,,0.9967024119089418,raw,,,True,True,aligned versus misaligned full emotion direction,0.9967024119089418
cross_model_stability,cross_model,24,sad,reliability,,,,,,,,,0.996685792915767,raw,,,True,True,aligned versus misaligned full emotion direction,0.996685792915767
cross_model_stability,cross_model,25,sad,reliability,,,,,,,,,0.9967105035818826,raw,,,True,True,aligned versus misaligned full emotion direction,0.9967105035818826
cross_model_stability,cross_model,26,sad,reliability,,,,,,,,,0.996341510834869,raw,,,True,True,aligned versus misaligned full emotion direction,0.996341510834869
cross_model_stability,cross_model,27,sad,reliability,,,,,,,,,0.9961623501158945,raw,,,True,True,aligned versus misaligned full emotion direction,0.9961623501158945
cross_model_stability,cross_model,28,sad,reliability,,,,,,,,,0.9959619166846109,raw,,,True,True,aligned versus misaligned full emotion direction,0.9959619166846109
cross_model_stability,cross_model,29,sad,reliability,,,,,,,,,0.996058068830564,raw,,,True,True,aligned versus misaligned full emotion direction,0.996058068830564
cross_model_stability,cross_model,30,sad,reliability,,,,,,,,,0.9961616158159096,raw,,,True,True,aligned versus misaligned full emotion direction,0.9961616158159096
cross_model_stability,cross_model,31,sad,reliability,,,,,,,,,0.9965345194019058,raw,,,True,True,aligned versus misaligned full emotion direction,0.9965345194019058
cross_model_stability,cross_model,32,sad,reliability,,,,,,,,,0.9964898689049216,raw,,,True,True,aligned versus misaligned full emotion direction,0.9964898689049216
cross_model_stability,cross_model,33,sad,reliability,,,,,,,,,0.9966825070493274,raw,,,True,True,aligned versus misaligned full emotion direction,0.9966825070493274
cross_model_stability,cross_model,34,sad,reliability,,,,,,,,,0.996905945201165,raw,,,True,True,aligned versus misaligned full emotion direction,0.996905945201165
cross_model_stability,cross_model,35,sad,reliability,,,,,,,,,0.9969489069343361,raw,,,True,True,aligned versus misaligned full emotion direction,0.9969489069343361
cross_model_stability,cross_model,36,sad,reliability,,,,,,,,,0.9966808046578048,raw,,,True,True,aligned versus misaligned full emotion direction,0.9966808046578048
cross_model_stability,cross_model,37,sad,reliability,,,,,,,,,0.9966123452849979,raw,,,True,True,aligned versus misaligned full emotion direction,0.9966123452849979
cross_model_stability,cross_model,38,sad,reliability,,,,,,,,,0.9967860288813641,raw,,,True,True,aligned versus misaligned full emotion direction,0.9967860288813641
cross_model_stability,cross_model,39,sad,reliability,,,,,,,,,0.9965989697221148,raw,,,True,True,aligned versus misaligned full emotion direction,0.9965989697221148
cross_model_stability,cross_model,40,sad,reliability,,,,,,,,,0.9968776744710586,raw,,,True,True,aligned versus misaligned full emotion direction,0.9968776744710586
cross_model_stability,cross_model,41,sad,reliability,,,,,,,,,0.9969062014523441,raw,,,True,True,aligned versus misaligned full emotion direction,0.9969062014523441
cross_model_stability,cross_model,42,sad,reliability,,,,,,,,,0.99687909771314,raw,,,True,True,aligned versus misaligned full emotion direction,0.99687909771314
cross_model_stability,cross_model,43,sad,reliability,,,,,,,,,0.9968038680717988,raw,,,True,True,aligned versus misaligned full emotion direction,0.9968038680717988
cross_model_stability,cross_model,44,sad,reliability,,,,,,,,,0.9968094931435489,raw,,,True,True,aligned versus misaligned full emotion direction,0.9968094931435489
cross_model_stability,cross_model,45,sad,reliability,,,,,,,,,0.9967466478906422,raw,,,True,True,aligned versus misaligned full emotion direction,0.9967466478906422
cross_model_stability,cross_model,46,sad,reliability,,,,,,,,,0.9965500197681076,raw,,,True,True,aligned versus misaligned full emotion direction,0.9965500197681076
cross_model_stability,cross_model,47,sad,reliability,,,,,,,,,0.991959542553486,raw,,,True,True,aligned versus misaligned full emotion direction,0.991959542553486
cross_model_stability,cross_model,0,serene,reliability,,,,,,,,,0.9998443779733258,raw,,,True,True,aligned versus misaligned full emotion direction,0.9998443779733258
cross_model_stability,cross_model,1,serene,reliability,,,,,,,,,0.999833099476932,raw,,,True,True,aligned versus misaligned full emotion direction,0.999833099476932
cross_model_stability,cross_model,2,serene,reliability,,,,,,,,,0.9997701014339995,raw,,,True,True,aligned versus misaligned full emotion direction,0.9997701014339995
cross_model_stability,cross_model,3,serene,reliability,,,,,,,,,0.9996982962064923,raw,,,True,True,aligned versus misaligned full emotion direction,0.9996982962064923
cross_model_stability,cross_model,4,serene,reliability,,,,,,,,,0.9996637978128666,raw,,,True,True,aligned versus misaligned full emotion direction,0.9996637978128666
cross_model_stability,cross_model,5,serene,reliability,,,,,,,,,0.99946720893744,raw,,,True,True,aligned versus misaligned full emotion direction,0.99946720893744
cross_model_stability,cross_model,6,serene,reliability,,,,,,,,,0.9991631371820485,raw,,,True,True,aligned versus misaligned full emotion direction,0.9991631371820485
cross_model_stability,cross_model,7,serene,reliability,,,,,,,,,0.9990274620814387,raw,,,True,True,aligned versus misaligned full emotion direction,0.9990274620814387
cross_model_stability,cross_model,8,serene,reliability,,,,,,,,,0.9986169536998519,raw,,,True,True,aligned versus misaligned full emotion direction,0.9986169536998519
cross_model_stability,cross_model,9,serene,reliability,,,,,,,,,0.9977517013372779,raw,,,True,True,aligned versus misaligned full emotion direction,0.9977517013372779
cross_model_stability,cross_model,10,serene,reliability,,,,,,,,,0.9959479201467489,raw,,,True,True,aligned versus misaligned full emotion direction,0.9959479201467489
cross_model_stability,cross_model,11,serene,reliability,,,,,,,,,0.9956096986615922,raw,,,True,True,aligned versus misaligned full emotion direction,0.9956096986615922
cross_model_stability,cross_model,12,serene,reliability,,,,,,,,,0.9963280607645181,raw,,,True,True,aligned versus misaligned full emotion direction,0.9963280607645181
cross_model_stability,cross_model,13,serene,reliability,,,,,,,,,0.9972324547268182,raw,,,True,True,aligned versus misaligned full emotion direction,0.9972324547268182
cross_model_stability,cross_model,14,serene,reliability,,,,,,,,,0.9975380575593712,raw,,,True,True,aligned versus misaligned full emotion direction,0.9975380575593712
cross_model_stability,cross_model,15,serene,reliability,,,,,,,,,0.9977507325072125,raw,,,True,True,aligned versus misaligned full emotion direction,0.9977507325072125
cross_model_stability,cross_model,16,serene,reliability,,,,,,,,,0.9974635196858374,raw,,,True,True,aligned versus misaligned full emotion direction,0.9974635196858374
cross_model_stability,cross_model,17,serene,reliability,,,,,,,,,0.9978084903623721,raw,,,True,True,aligned versus misaligned full emotion direction,0.9978084903623721
cross_model_stability,cross_model,18,serene,reliability,,,,,,,,,0.9975830539912275,raw,,,True,True,aligned versus misaligned full emotion direction,0.9975830539912275
cross_model_stability,cross_model,19,serene,reliability,,,,,,,,,0.9975017470730925,raw,,,True,True,aligned versus misaligned full emotion direction,0.9975017470730925
cross_model_stability,cross_model,20,serene,reliability,,,,,,,,,0.9974155637172477,raw,,,True,True,aligned versus misaligned full emotion direction,0.9974155637172477
cross_model_stability,cross_model,21,serene,reliability,,,,,,,,,0.9971552456191636,raw,,,True,True,aligned versus misaligned full emotion direction,0.9971552456191636
cross_model_stability,cross_model,22,serene,reliability,,,,,,,,,0.9970183995244919,raw,,,True,True,aligned versus misaligned full emotion direction,0.9970183995244919
cross_model_stability,cross_model,23,serene,reliability,,,,,,,,,0.9972559857410119,raw,,,True,True,aligned versus misaligned full emotion direction,0.9972559857410119
cross_model_stability,cross_model,24,serene,reliability,,,,,,,,,0.9973682006724659,raw,,,True,True,aligned versus misaligned full emotion direction,0.9973682006724659
cross_model_stability,cross_model,25,serene,reliability,,,,,,,,,0.9973945606189774,raw,,,True,True,aligned versus misaligned full emotion direction,0.9973945606189774
cross_model_stability,cross_model,26,serene,reliability,,,,,,,,,0.9961787336453398,raw,,,True,True,aligned versus misaligned full emotion direction,0.9961787336453398
cross_model_stability,cross_model,27,serene,reliability,,,,,,,,,0.9955288745063203,raw,,,True,True,aligned versus misaligned full emotion direction,0.9955288745063203
cross_model_stability,cross_model,28,serene,reliability,,,,,,,,,0.9952386227485261,raw,,,True,True,aligned versus misaligned full emotion direction,0.9952386227485261
cross_model_stability,cross_model,29,serene,reliability,,,,,,,,,0.994784616389988,raw,,,True,True,aligned versus misaligned full emotion direction,0.994784616389988
cross_model_stability,cross_model,30,serene,reliability,,,,,,,,,0.9950874122801753,raw,,,True,True,aligned versus misaligned full emotion direction,0.9950874122801753
cross_model_stability,cross_model,31,serene,reliability,,,,,,,,,0.9958433121162485,raw,,,True,True,aligned versus misaligned full emotion direction,0.9958433121162485
cross_model_stability,cross_model,32,serene,reliability,,,,,,,,,0.9959389758733405,raw,,,True,True,aligned versus misaligned full emotion direction,0.9959389758733405
cross_model_stability,cross_model,33,serene,reliability,,,,,,,,,0.9961310382208844,raw,,,True,True,aligned versus misaligned full emotion direction,0.9961310382208844
cross_model_stability,cross_model,34,serene,reliability,,,,,,,,,0.9965430647972426,raw,,,True,True,aligned versus misaligned full emotion direction,0.9965430647972426
cross_model_stability,cross_model,35,serene,reliability,,,,,,,,,0.9966674728830791,raw,,,True,True,aligned versus misaligned full emotion direction,0.9966674728830791
cross_model_stability,cross_model,36,serene,reliability,,,,,,,,,0.996234804105675,raw,,,True,True,aligned versus misaligned full emotion direction,0.996234804105675
cross_model_stability,cross_model,37,serene,reliability,,,,,,,,,0.996295021486363,raw,,,True,True,aligned versus misaligned full emotion direction,0.996295021486363
cross_model_stability,cross_model,38,serene,reliability,,,,,,,,,0.99650741914156,raw,,,True,True,aligned versus misaligned full emotion direction,0.99650741914156
cross_model_stability,cross_model,39,serene,reliability,,,,,,,,,0.9962390805567649,raw,,,True,True,aligned versus misaligned full emotion direction,0.9962390805567649
cross_model_stability,cross_model,40,serene,reliability,,,,,,,,,0.9963781194884923,raw,,,True,True,aligned versus misaligned full emotion direction,0.9963781194884923
cross_model_stability,cross_model,41,serene,reliability,,,,,,,,,0.9963804761574943,raw,,,True,True,aligned versus misaligned full emotion direction,0.9963804761574943
cross_model_stability,cross_model,42,serene,reliability,,,,,,,,,0.9964116679141533,raw,,,True,True,aligned versus misaligned full emotion direction,0.9964116679141533
cross_model_stability,cross_model,43,serene,reliability,,,,,,,,,0.9965302281402961,raw,,,True,True,aligned versus misaligned full emotion direction,0.9965302281402961
cross_model_stability,cross_model,44,serene,reliability,,,,,,,,,0.9964597820887507,raw,,,True,True,aligned versus misaligned full emotion direction,0.9964597820887507
cross_model_stability,cross_model,45,serene,reliability,,,,,,,,,0.9963002339948591,raw,,,True,True,aligned versus misaligned full emotion direction,0.9963002339948591
cross_model_stability,cross_model,46,serene,reliability,,,,,,,,,0.9965043460162331,raw,,,True,True,aligned versus misaligned full emotion direction,0.9965043460162331
cross_model_stability,cross_model,47,serene,reliability,,,,,,,,,0.9973324214425078,raw,,,True,True,aligned versus misaligned full emotion direction,0.9973324214425078
