comparison_type,model_source,layer,emotion_or_group,estimate_name,cosine,explained_fraction,ci_low,ci_high,p_value,q_value,max_stat_p_value,null_p95,reliability,pca_status,effective_rank,condition_number,gate_passed,confirmatory,notes
individual,aligned,0,angry,cosine,0.08424804359674454,,0.04708969704806805,0.10698933042585851,0.07462686567164178,0.1953867028493894,0.009950248756218905,0.08988216631114478,0.5486980769492701,raw,,,True,True,control=emotion_label_permutation;family_max_stat_p=0.014925373134328358
individual,aligned,1,angry,cosine,0.07544607669115067,,0.03463578466325999,0.1125046316534281,0.10945273631840796,0.26713888186187706,0.009950248756218905,0.10105077959597109,0.561161796309772,raw,,,True,True,control=emotion_label_permutation;family_max_stat_p=0.014925373134328358
individual,aligned,2,angry,cosine,0.07489366084337234,,0.03025658931583166,0.12011414151638748,0.12437810945273632,0.28887818969667794,0.009950248756218905,0.11375595182180404,0.5642184623758314,raw,,,True,True,control=emotion_label_permutation;family_max_stat_p=0.014925373134328358
individual,aligned,3,angry,cosine,0.053622134029865265,,0.003802114439895377,0.12334888074547054,0.208955223880597,0.3808804080861515,0.009950248756218905,0.11845642700791355,0.5832685374528657,raw,,,True,True,control=emotion_label_permutation;family_max_stat_p=0.014925373134328358
individual,aligned,4,angry,cosine,0.08940614014863968,,0.029661320801824334,0.15518624559044839,0.09950248756218906,0.2513747054202671,0.009950248756218905,0.11254274807870379,0.581012871073091,raw,,,True,True,control=emotion_label_permutation;family_max_stat_p=0.014925373134328358
individual,aligned,5,angry,cosine,0.12855926156044006,,0.06452388856559992,0.18548229821026327,0.024875621890547265,0.07703418391911411,0.009950248756218905,0.10778265073895447,0.5897132242661344,raw,,,True,True,control=emotion_label_permutation;family_max_stat_p=0.014925373134328358
individual,aligned,6,angry,cosine,0.14038126170635223,,0.08307370953261853,0.1887743525207043,0.01990049751243781,0.0629817943250779,0.009950248756218905,0.09854592718183991,0.632296321189199,raw,,,True,True,control=emotion_label_permutation;family_max_stat_p=0.014925373134328358
individual,aligned,7,angry,cosine,0.14929798245429993,,0.09223635699599982,0.19705101661384106,0.014925373134328358,0.048846675712347354,0.009950248756218905,0.09269547536969183,0.6684522221054102,raw,,,True,True,control=emotion_label_permutation;family_max_stat_p=0.014925373134328358
individual,aligned,8,angry,cosine,0.18198975920677185,,0.12825279980897905,0.21755536906421186,0.004975124378109453,0.027554535017221583,0.009950248756218905,0.1019393473863601,0.6843456196770867,raw,,,True,True,control=emotion_label_permutation;family_max_stat_p=0.014925373134328358
individual,aligned,9,angry,cosine,0.1602998971939087,,0.114156205765903,0.19479169882833958,0.009950248756218905,0.03627432457963348,0.009950248756218905,0.08931494764983637,0.6914651529792224,raw,,,True,True,control=emotion_label_permutation;family_max_stat_p=0.014925373134328358
individual,aligned,10,angry,cosine,0.16409625113010406,,0.12546459566801788,0.1913578510284424,0.014925373134328358,0.048846675712347354,0.009950248756218905,0.10375276580452915,0.7444473681015135,raw,,,True,True,control=emotion_label_permutation;family_max_stat_p=0.014925373134328358
individual,aligned,11,angry,cosine,0.16130287945270538,,0.11359783802181483,0.19407515972852707,0.014925373134328358,0.048846675712347354,0.009950248756218905,0.10688685104250906,0.722025448444613,raw,,,True,True,control=emotion_label_permutation;family_max_stat_p=0.014925373134328358
individual,aligned,12,angry,cosine,0.17573557794094086,,0.1222479371353984,0.21333451308310034,0.014925373134328358,0.048846675712347354,0.009950248756218905,0.12410193383693692,0.7107070263475402,raw,,,True,True,control=emotion_label_permutation;family_max_stat_p=0.014925373134328358
individual,aligned,13,angry,cosine,0.18615028262138367,,0.1378232967108488,0.2213587995618582,0.014925373134328358,0.048846675712347354,0.009950248756218905,0.12406996078789233,0.7456856706850503,raw,,,True,True,control=emotion_label_permutation;family_max_stat_p=0.014925373134328358
individual,aligned,14,angry,cosine,0.19084316492080688,,0.142158080637455,0.22340510040521622,0.009950248756218905,0.03627432457963348,0.009950248756218905,0.1274806663393974,0.7356736797077299,raw,,,True,True,control=emotion_label_permutation;family_max_stat_p=0.014925373134328358
individual,aligned,15,angry,cosine,0.1732552945613861,,0.13623769097030164,0.20078164041042332,0.014925373134328358,0.048846675712347354,0.009950248756218905,0.11672136597335332,0.7428684168281589,raw,,,True,True,control=emotion_label_permutation;family_max_stat_p=0.014925373134328358
individual,aligned,16,angry,cosine,0.20689336955547333,,0.1521143049001694,0.24120875597000124,0.014925373134328358,0.048846675712347354,0.009950248756218905,0.134549993276596,0.7615536713373228,raw,,,True,True,control=emotion_label_permutation;family_max_stat_p=0.014925373134328358
individual,aligned,17,angry,cosine,0.20859535038471222,,0.15696110092103482,0.23976435475051405,0.009950248756218905,0.03627432457963348,0.009950248756218905,0.13890449479222292,0.7554004887847103,raw,,,True,True,control=emotion_label_permutation;family_max_stat_p=0.014925373134328358
individual,aligned,18,angry,cosine,0.21075260639190674,,0.1626705650240183,0.24259732700884346,0.009950248756218905,0.03627432457963348,0.009950248756218905,0.13627683445811273,0.7530479951223452,raw,,,True,True,control=emotion_label_permutation;family_max_stat_p=0.014925373134328358
individual,aligned,19,angry,cosine,0.21114641427993774,,0.16421667411923407,0.24540432542562485,0.009950248756218905,0.03627432457963348,0.009950248756218905,0.13749131411314003,0.7418699676307653,raw,,,True,True,control=emotion_label_permutation;family_max_stat_p=0.014925373134328358
individual,aligned,20,angry,cosine,0.22025328874588013,,0.16983637884259226,0.25355290696024896,0.004975124378109453,0.027554535017221583,0.009950248756218905,0.15261721536517142,0.7428307815738385,raw,,,True,True,control=emotion_label_permutation;family_max_stat_p=0.014925373134328358
individual,aligned,21,angry,cosine,0.22398218512535095,,0.17735366970300676,0.25156804695725443,0.004975124378109453,0.027554535017221583,0.009950248756218905,0.14747559875249852,0.7388068115246015,raw,,,True,True,control=emotion_label_permutation;family_max_stat_p=0.014925373134328358
individual,aligned,22,angry,cosine,0.24136964976787567,,0.19588986374437808,0.26571983098983765,0.004975124378109453,0.027554535017221583,0.009950248756218905,0.14438107982277865,0.7368521308995285,raw,,,True,True,control=emotion_label_permutation;family_max_stat_p=0.014925373134328358
individual,aligned,23,angry,cosine,0.25181737542152405,,0.20523931160569192,0.2749772273004055,0.004975124378109453,0.027554535017221583,0.009950248756218905,0.1532716587185859,0.7434613250482444,raw,,,True,True,control=emotion_label_permutation;family_max_stat_p=0.014925373134328358
individual,aligned,24,angry,cosine,0.2613072395324707,,0.21442635357379913,0.28299960419535636,0.004975124378109453,0.027554535017221583,0.009950248756218905,0.1574682921171188,0.7411839167806149,raw,,,True,True,control=emotion_label_permutation;family_max_stat_p=0.014925373134328358
individual,aligned,25,angry,cosine,0.25810182094573975,,0.21018825471401215,0.2839536026120186,0.004975124378109453,0.027554535017221583,0.009950248756218905,0.14896931871771812,0.7358026207882827,raw,,,True,True,control=emotion_label_permutation;family_max_stat_p=0.014925373134328358
individual,aligned,26,angry,cosine,0.271064817905426,,0.22239566259086133,0.2928120166063309,0.004975124378109453,0.027554535017221583,0.009950248756218905,0.16102150827646253,0.7248017217526519,raw,,,True,True,control=emotion_label_permutation;family_max_stat_p=0.014925373134328358
individual,aligned,27,angry,cosine,0.2743484377861023,,0.21978355199098587,0.29982927665114406,0.004975124378109453,0.027554535017221583,0.009950248756218905,0.16446236819028842,0.7196312187097389,raw,,,True,True,control=emotion_label_permutation;family_max_stat_p=0.014925373134328358
individual,aligned,28,angry,cosine,0.2677994668483734,,0.21743989177048206,0.28948823139071467,0.004975124378109453,0.027554535017221583,0.009950248756218905,0.166221260279417,0.7320492176120724,raw,,,True,True,control=emotion_label_permutation;family_max_stat_p=0.014925373134328358
individual,aligned,29,angry,cosine,0.250686913728714,,0.2017551325261593,0.27130390107631686,0.004975124378109453,0.027554535017221583,0.009950248756218905,0.15179768055677412,0.7119175982481758,raw,,,True,True,control=emotion_label_permutation;family_max_stat_p=0.014925373134328358
individual,aligned,30,angry,cosine,0.2614315450191498,,0.21337755359709265,0.279938617348671,0.004975124378109453,0.027554535017221583,0.009950248756218905,0.16077613979578015,0.740230003504997,raw,,,True,True,control=emotion_label_permutation;family_max_stat_p=0.014925373134328358
individual,aligned,31,angry,cosine,0.29006046056747437,,0.24422587230801582,0.30736144483089445,0.009950248756218905,0.03627432457963348,0.009950248756218905,0.1740902327001094,0.7782903978072766,raw,,,True,True,control=emotion_label_permutation;family_max_stat_p=0.014925373134328358
individual,aligned,32,angry,cosine,0.27962619066238403,,0.2399838011711836,0.2921751864254475,0.009950248756218905,0.03627432457963348,0.009950248756218905,0.1709177739918232,0.7768689315689085,raw,,,True,True,control=emotion_label_permutation;family_max_stat_p=0.014925373134328358
individual,aligned,33,angry,cosine,0.2600507438182831,,0.22435082867741585,0.2702597476541996,0.009950248756218905,0.03627432457963348,0.009950248756218905,0.15532471016049385,0.781156830623548,raw,,,True,True,control=emotion_label_permutation;family_max_stat_p=0.014925373134328358
individual,aligned,34,angry,cosine,0.26649993658065796,,0.23026203103363516,0.2775420017540455,0.009950248756218905,0.03627432457963348,0.009950248756218905,0.16188689097762107,0.7812325053921477,raw,,,True,True,control=emotion_label_permutation;family_max_stat_p=0.014925373134328358
individual,aligned,35,angry,cosine,0.2508520781993866,,0.21536338552832604,0.26220840960741043,0.009950248756218905,0.03627432457963348,0.009950248756218905,0.15236402899026863,0.7832652539053924,raw,,,True,True,control=emotion_label_permutation;family_max_stat_p=0.014925373134328358
individual,aligned,36,angry,cosine,0.2399565875530243,,0.20713912844657897,0.25128648355603217,0.009950248756218905,0.03627432457963348,0.009950248756218905,0.14269736260175697,0.7829144364470777,raw,,,True,True,control=emotion_label_permutation;family_max_stat_p=0.014925373134328358
individual,aligned,37,angry,cosine,0.2392139434814453,,0.20298110656440257,0.25268945619463923,0.009950248756218905,0.03627432457963348,0.009950248756218905,0.14613128751516338,0.788095020120472,raw,,,True,True,control=emotion_label_permutation;family_max_stat_p=0.014925373134328358
individual,aligned,38,angry,cosine,0.24870732426643372,,0.21536514461040498,0.2604366198182106,0.009950248756218905,0.03627432457963348,0.009950248756218905,0.14589608460664744,0.794711838676951,raw,,,True,True,control=emotion_label_permutation;family_max_stat_p=0.014925373134328358
individual,aligned,39,angry,cosine,0.22150985896587372,,0.1821880754083395,0.2385597910732031,0.009950248756218905,0.03627432457963348,0.009950248756218905,0.13266479671001433,0.793621384111208,raw,,,True,True,control=emotion_label_permutation;family_max_stat_p=0.014925373134328358
individual,aligned,40,angry,cosine,0.22811351716518402,,0.19850087985396386,0.23695329129695894,0.009950248756218905,0.03627432457963348,0.009950248756218905,0.1372143514454363,0.8083582922241731,raw,,,True,True,control=emotion_label_permutation;family_max_stat_p=0.014925373134328358
individual,aligned,41,angry,cosine,0.20639924705028534,,0.17237106673419475,0.22065203152596952,0.009950248756218905,0.03627432457963348,0.009950248756218905,0.1273203551769256,0.809133691066931,raw,,,True,True,control=emotion_label_permutation;family_max_stat_p=0.014925373134328358
individual,aligned,42,angry,cosine,0.1936153769493103,,0.15484494902193546,0.2136139776557684,0.009950248756218905,0.03627432457963348,0.009950248756218905,0.12492565698921679,0.8025333206096074,raw,,,True,True,control=emotion_label_permutation;family_max_stat_p=0.014925373134328358
individual,aligned,43,angry,cosine,0.20749828219413757,,0.17296922095119954,0.22014118432998658,0.009950248756218905,0.03627432457963348,0.009950248756218905,0.12469405718147754,0.8037720485502842,raw,,,True,True,control=emotion_label_permutation;family_max_stat_p=0.014925373134328358
individual,aligned,44,angry,cosine,0.2120855301618576,,0.1834099493920803,0.22141975350677967,0.009950248756218905,0.03627432457963348,0.009950248756218905,0.12859226912260055,0.8034271078435178,raw,,,True,True,control=emotion_label_permutation;family_max_stat_p=0.014925373134328358
individual,aligned,45,angry,cosine,0.21796122193336487,,0.18651137910783291,0.22598182931542396,0.009950248756218905,0.03627432457963348,0.009950248756218905,0.1369091711938381,0.7931456682191204,raw,,,True,True,control=emotion_label_permutation;family_max_stat_p=0.014925373134328358
individual,aligned,46,angry,cosine,0.21384982764720917,,0.17579892836511138,0.22761788070201874,0.009950248756218905,0.03627432457963348,0.009950248756218905,0.1374317348003387,0.792185214694668,raw,,,True,True,control=emotion_label_permutation;family_max_stat_p=0.014925373134328358
individual,aligned,47,angry,cosine,0.36543333530426025,,0.30604819133877753,0.38936898931860925,0.009950248756218905,0.03627432457963348,0.009950248756218905,0.25569867640733684,0.8268768917613094,raw,,,True,True,control=emotion_label_permutation;family_max_stat_p=0.014925373134328358
individual,aligned,0,anxious,cosine,0.0923926830291748,,0.02185391378588975,0.1243090745061636,0.05472636815920398,0.15302130126068686,0.014925373134328358,0.09243248924612997,0.40349592517216165,raw,,,True,True,control=emotion_label_permutation;family_max_stat_p=0.014925373134328358
individual,aligned,1,anxious,cosine,0.0678887739777565,,-0.00981726460158824,0.12583092413842684,0.15422885572139303,0.33649932157394846,0.014925373134328358,0.1016489841043949,0.3699842327725396,raw,,,True,True,control=emotion_label_permutation;family_max_stat_p=0.014925373134328358
individual,aligned,2,anxious,cosine,0.0827157273888588,,-0.025814109481871114,0.15880958549678328,0.12437810945273632,0.28887818969667794,0.014925373134328358,0.11286572776734828,0.3573569674737822,raw,,,True,True,control=emotion_label_permutation;family_max_stat_p=0.014925373134328358
individual,aligned,3,anxious,cosine,0.06285657733678818,,-0.05934068737551569,0.15765791386365893,0.21890547263681592,0.38677776760369925,0.014925373134328358,0.12422269918024537,0.37164205891639585,raw,,,True,True,control=emotion_label_permutation;family_max_stat_p=0.014925373134328358
individual,aligned,4,anxious,cosine,0.05238259583711624,,-0.05973382089287039,0.1378755357116461,0.24875621890547264,0.38935756002595723,0.014925373134328358,0.11481227874755859,0.377005265579405,raw,,,True,True,control=emotion_label_permutation;family_max_stat_p=0.014925373134328358
individual,aligned,5,anxious,cosine,0.054543040692806244,,-0.05940222041681409,0.1267635341733694,0.21890547263681592,0.38677776760369925,0.014925373134328358,0.09994333423674105,0.38534093192010965,raw,,,True,True,control=emotion_label_permutation;family_max_stat_p=0.014925373134328358
individual,aligned,6,anxious,cosine,0.035664357244968414,,-0.056279784534126485,0.10281829517334701,0.2935323383084577,0.40642939150401836,0.014925373134328358,0.09733287766575813,0.41278044961073307,raw,,,True,True,control=emotion_label_permutation;family_max_stat_p=0.014925373134328358
individual,aligned,7,anxious,cosine,0.035687562078237534,,-0.055110436864197254,0.09800550322979688,0.25870646766169153,0.3984356293399314,0.014925373134328358,0.0905625328421592,0.41067362118070583,raw,,,True,True,control=emotion_label_permutation;family_max_stat_p=0.014925373134328358
individual,aligned,8,anxious,cosine,0.0423702597618103,,-0.05134466839954256,0.10006537921726705,0.24378109452736318,0.38935756002595723,0.014925373134328358,0.09773680754005908,0.41544282514875747,raw,,,True,True,control=emotion_label_permutation;family_max_stat_p=0.014925373134328358
individual,aligned,9,anxious,cosine,0.027454923838377,,-0.05045693432912228,0.07755951881408694,0.3482587064676617,0.43046569726474926,0.014925373134328358,0.09372228644788261,0.4917179445909339,raw,,,True,True,control=emotion_label_permutation;family_max_stat_p=0.014925373134328358
individual,aligned,10,anxious,cosine,0.03806908801198006,,-0.049859580863267174,0.09322092719376088,0.3034825870646766,0.412278231484089,0.014925373134328358,0.10344775728881347,0.5091986386570151,raw,,,True,True,control=emotion_label_permutation;family_max_stat_p=0.014925373134328358
individual,aligned,11,anxious,cosine,0.03496003523468971,,-0.05569846509024496,0.09837029576301574,0.31343283582089554,0.41791044776119407,0.014925373134328358,0.11351955458521838,0.5096681486262833,raw,,,True,True,control=emotion_label_permutation;family_max_stat_p=0.014925373134328358
individual,aligned,12,anxious,cosine,0.020338332280516624,,-0.08529639355838296,0.09533244166523219,0.39303482587064675,0.4509722304810608,0.014925373134328358,0.13062831014394752,0.5022288541686969,raw,,,True,True,control=emotion_label_permutation;family_max_stat_p=0.014925373134328358
individual,aligned,13,anxious,cosine,0.02636462077498436,,-0.08178565446287392,0.10376040972769261,0.3681592039800995,0.43862321047822117,0.014925373134328358,0.12536562345921973,0.5323218170580493,raw,,,True,True,control=emotion_label_permutation;family_max_stat_p=0.014925373134328358
individual,aligned,14,anxious,cosine,0.001384875737130642,,-0.10569279883056878,0.0812394179403782,0.5074626865671642,0.5373134328358209,0.014925373134328358,0.12793572768568992,0.5513734171822818,raw,,,True,True,control=emotion_label_permutation;family_max_stat_p=0.014925373134328358
individual,aligned,15,anxious,cosine,-0.012694800272583961,,-0.08731116950511927,0.055224438849836605,0.5572139303482587,0.5690695458875834,0.014925373134328358,0.11414815485477442,0.5961024836315074,raw,,,True,True,control=emotion_label_permutation;family_max_stat_p=0.014925373134328358
individual,aligned,16,anxious,cosine,-0.005364237353205681,,-0.10386253856122489,0.0771243402734399,0.5223880597014925,0.5490794204161673,0.014925373134328358,0.13287851065397246,0.6086000769660066,raw,,,True,True,control=emotion_label_permutation;family_max_stat_p=0.014925373134328358
individual,aligned,17,anxious,cosine,-0.011005650274455547,,-0.09718704242259256,0.07045097555965187,0.527363184079602,0.5522930800542741,0.014925373134328358,0.1336161136627197,0.6264691588379014,raw,,,True,True,control=emotion_label_permutation;family_max_stat_p=0.014925373134328358
individual,aligned,18,anxious,cosine,-0.011328534223139286,,-0.0988155264407396,0.06907595489174129,0.5422885572139303,0.5638234818686352,0.014925373134328358,0.13388697579503045,0.6278531673380875,raw,,,True,True,control=emotion_label_permutation;family_max_stat_p=0.014925373134328358
individual,aligned,19,anxious,cosine,-0.017045821994543076,,-0.09887494947761293,0.0650139581412077,0.5522388059701493,0.5690695458875834,0.014925373134328358,0.13666616529226297,0.6132613718926829,raw,,,True,True,control=emotion_label_permutation;family_max_stat_p=0.014925373134328358
individual,aligned,20,anxious,cosine,-0.013158591464161873,,-0.09913930147886271,0.07742519825696946,0.5572139303482587,0.5690695458875834,0.014925373134328358,0.15135362073779104,0.6202251553518955,raw,,,True,True,control=emotion_label_permutation;family_max_stat_p=0.014925373134328358
individual,aligned,21,anxious,cosine,-0.003771325573325157,,-0.08122409991919989,0.06829626057296992,0.5422885572139303,0.5638234818686352,0.014925373134328358,0.14304530099034307,0.5969696962826867,raw,,,True,True,control=emotion_label_permutation;family_max_stat_p=0.014925373134328358
individual,aligned,22,anxious,cosine,0.024218762293457985,,-0.04476243797689671,0.08445297088474038,0.39303482587064675,0.4509722304810608,0.014925373134328358,0.1324573196470737,0.5699773461565439,raw,,,True,True,control=emotion_label_permutation;family_max_stat_p=0.014925373134328358
individual,aligned,23,anxious,cosine,0.032774411141872406,,-0.04100677771493788,0.09388280529528857,0.373134328358209,0.43862321047822117,0.014925373134328358,0.14570641592144964,0.5397781018961397,raw,,,True,True,control=emotion_label_permutation;family_max_stat_p=0.014925373134328358
individual,aligned,24,anxious,cosine,0.04798518121242523,,-0.01940055396407842,0.09415136314928535,0.29850746268656714,0.4074414656574945,0.014925373134328358,0.13401283025741575,0.5227311396081371,raw,,,True,True,control=emotion_label_permutation;family_max_stat_p=0.014925373134328358
individual,aligned,25,anxious,cosine,0.05622335895895958,,-0.0021156728325877265,0.09951592572033408,0.24875621890547264,0.38935756002595723,0.014925373134328358,0.13295910730957983,0.5272868872928654,raw,,,True,True,control=emotion_label_permutation;family_max_stat_p=0.014925373134328358
individual,aligned,26,anxious,cosine,0.051757603883743286,,-0.024896968016400928,0.10816695597022773,0.2835820895522388,0.4053876956680014,0.014925373134328358,0.13989955410361285,0.5272980988766609,raw,,,True,True,control=emotion_label_permutation;family_max_stat_p=0.014925373134328358
individual,aligned,27,anxious,cosine,0.0547906830906868,,-0.02813802254386246,0.11050304435193543,0.263681592039801,0.39883058932143406,0.014925373134328358,0.14270689338445655,0.5213738765458783,raw,,,True,True,control=emotion_label_permutation;family_max_stat_p=0.014925373134328358
individual,aligned,28,anxious,cosine,0.0653211921453476,,-0.013788695400580751,0.12177117764949799,0.21890547263681592,0.38677776760369925,0.014925373134328358,0.14487821012735363,0.5011608117090445,raw,,,True,True,control=emotion_label_permutation;family_max_stat_p=0.014925373134328358
individual,aligned,29,anxious,cosine,0.05394480377435684,,-0.01220685399603097,0.10228554476052523,0.26865671641791045,0.39883058932143406,0.014925373134328358,0.13221422806382174,0.5224450178363685,raw,,,True,True,control=emotion_label_permutation;family_max_stat_p=0.014925373134328358
individual,aligned,30,anxious,cosine,0.06075124070048332,,-0.02964026327244935,0.12600113525986673,0.26865671641791045,0.39883058932143406,0.014925373134328358,0.16065582484006882,0.5578778305109192,raw,,,True,True,control=emotion_label_permutation;family_max_stat_p=0.014925373134328358
individual,aligned,31,anxious,cosine,0.07148253172636032,,-0.027635159809142336,0.14176740087568762,0.25870646766169153,0.3984356293399314,0.014925373134328358,0.17674972712993614,0.6049404740795118,raw,,,True,True,control=emotion_label_permutation;family_max_stat_p=0.014925373134328358
individual,aligned,32,anxious,cosine,0.08132852613925934,,-0.014613278047181636,0.14663980454206466,0.21890547263681592,0.38677776760369925,0.014925373134328358,0.16206859350204447,0.609683588188462,raw,,,True,True,control=emotion_label_permutation;family_max_stat_p=0.014925373134328358
individual,aligned,33,anxious,cosine,0.0844266265630722,,-0.001942398946266607,0.13134483210742473,0.17412935323383086,0.3687445127304653,0.014925373134328358,0.14031187444925308,0.6253919838584657,raw,,,True,True,control=emotion_label_permutation;family_max_stat_p=0.014925373134328358
individual,aligned,34,anxious,cosine,0.0985008031129837,,0.006519059994025193,0.14959807731211186,0.15422885572139303,0.33649932157394846,0.014925373134328358,0.15431892275810238,0.6328694324810661,raw,,,True,True,control=emotion_label_permutation;family_max_stat_p=0.014925373134328358
individual,aligned,35,anxious,cosine,0.1035708412528038,,0.013376236264593907,0.1477964762598276,0.12437810945273632,0.28887818969667794,0.014925373134328358,0.14262259826064103,0.6397532320223623,raw,,,True,True,control=emotion_label_permutation;family_max_stat_p=0.014925373134328358
individual,aligned,36,anxious,cosine,0.1062801331281662,,0.02862303322181107,0.14240962453186512,0.10945273631840796,0.26713888186187706,0.014925373134328358,0.1293808221817015,0.6489115234711227,raw,,,True,True,control=emotion_label_permutation;family_max_stat_p=0.014925373134328358
individual,aligned,37,anxious,cosine,0.11860333383083344,,0.05281018111854793,0.14228314012289048,0.07462686567164178,0.1953867028493894,0.014925373134328358,0.13438022509217262,0.6445401253534123,raw,,,True,True,control=emotion_label_permutation;family_max_stat_p=0.014925373134328358
individual,aligned,38,anxious,cosine,0.12708663940429688,,0.05076471595093609,0.15425532646477225,0.06965174129353234,0.18573797678275292,0.014925373134328358,0.1378318555653095,0.6296279071811044,raw,,,True,True,control=emotion_label_permutation;family_max_stat_p=0.014925373134328358
individual,aligned,39,anxious,cosine,0.12330465018749237,,0.0713558804243803,0.14107878878712654,0.05970149253731343,0.1606918677639838,0.014925373134328358,0.12343002073466776,0.6394091600976403,raw,,,True,True,control=emotion_label_permutation;family_max_stat_p=0.014925373134328358
individual,aligned,40,anxious,cosine,0.12836217880249023,,0.05944854766130448,0.14926170967519284,0.05970149253731343,0.1606918677639838,0.014925373134328358,0.13670536279678344,0.6513689856990976,raw,,,True,True,control=emotion_label_permutation;family_max_stat_p=0.014925373134328358
individual,aligned,41,anxious,cosine,0.1180771216750145,,0.06969952620565892,0.13626748993992807,0.05970149253731343,0.1606918677639838,0.014925373134328358,0.12003891877830014,0.65096265001056,raw,,,True,True,control=emotion_label_permutation;family_max_stat_p=0.014925373134328358
individual,aligned,42,anxious,cosine,0.11469949781894684,,0.06616177279502154,0.13352052308619022,0.05970149253731343,0.1606918677639838,0.014925373134328358,0.11480457037687299,0.644034359137435,raw,,,True,True,control=emotion_label_permutation;family_max_stat_p=0.014925373134328358
individual,aligned,43,anxious,cosine,0.128237783908844,,0.082165851816535,0.14405073821544648,0.04477611940298507,0.13158696314346635,0.014925373134328358,0.12025894336402407,0.6519159338567612,raw,,,True,True,control=emotion_label_permutation;family_max_stat_p=0.014925373134328358
individual,aligned,44,anxious,cosine,0.13474790751934052,,0.07861640658229592,0.14953715167939663,0.03482587064676617,0.10447761194029852,0.014925373134328358,0.12207133099436743,0.6469556816806679,raw,,,True,True,control=emotion_label_permutation;family_max_stat_p=0.014925373134328358
individual,aligned,45,anxious,cosine,0.1340494602918625,,0.0678476493805647,0.15733312703669072,0.04975124378109453,0.1418649327619329,0.014925373134328358,0.1215446390211582,0.642703515909296,raw,,,True,True,control=emotion_label_permutation;family_max_stat_p=0.014925373134328358
individual,aligned,46,anxious,cosine,0.15537092089653015,,0.10416853707283737,0.1711668722331524,0.01990049751243781,0.0629817943250779,0.014925373134328358,0.12243897542357443,0.6640202070741478,raw,,,True,True,control=emotion_label_permutation;family_max_stat_p=0.014925373134328358
individual,aligned,47,anxious,cosine,0.30607664585113525,,0.2137309730052948,0.32873068526387217,0.014925373134328358,0.048846675712347354,0.014925373134328358,0.21796657219529134,0.7326225127375532,raw,,,True,True,control=emotion_label_permutation;family_max_stat_p=0.014925373134328358
individual,aligned,0,furious,cosine,0.13480116426944733,,0.08892889767885209,0.15019843243062497,0.004975124378109453,0.027554535017221583,0.004975124378109453,0.0835289910435674,0.6883168431887372,raw,,,True,True,control=emotion_label_permutation;family_max_stat_p=0.014925373134328358
individual,aligned,1,furious,cosine,0.13069753348827362,,0.07241797503083945,0.15739811658859254,0.014925373134328358,0.048846675712347354,0.004975124378109453,0.09361536800861352,0.6910898680684132,raw,,,True,True,control=emotion_label_permutation;family_max_stat_p=0.014925373134328358
individual,aligned,2,furious,cosine,0.13832291960716248,,0.06362700201570988,0.17676089778542523,0.024875621890547265,0.07703418391911411,0.004975124378109453,0.10937594249844546,0.6986387646358324,raw,,,True,True,control=emotion_label_permutation;family_max_stat_p=0.014925373134328358
individual,aligned,3,furious,cosine,0.12407182157039642,,0.03473780946806073,0.178324793279171,0.04975124378109453,0.1418649327619329,0.004975124378109453,0.11668470092117783,0.7049928096080249,raw,,,True,True,control=emotion_label_permutation;family_max_stat_p=0.014925373134328358
individual,aligned,4,furious,cosine,0.17104220390319824,,0.06946366094052792,0.21932250261306763,0.004975124378109453,0.027554535017221583,0.004975124378109453,0.12915372774004935,0.7083574716442629,raw,,,True,True,control=emotion_label_permutation;family_max_stat_p=0.014925373134328358
individual,aligned,5,furious,cosine,0.1875443458557129,,0.09425338674336672,0.22750209420919418,0.004975124378109453,0.027554535017221583,0.004975124378109453,0.1205949023365974,0.7089281493255857,raw,,,True,True,control=emotion_label_permutation;family_max_stat_p=0.014925373134328358
individual,aligned,6,furious,cosine,0.20439422130584717,,0.1302408551797271,0.23255559615790844,0.004975124378109453,0.027554535017221583,0.004975124378109453,0.11393750570714474,0.7282609163224072,raw,,,True,True,control=emotion_label_permutation;family_max_stat_p=0.014925373134328358
individual,aligned,7,furious,cosine,0.20396587252616882,,0.13673195727169515,0.22688950896263124,0.004975124378109453,0.027554535017221583,0.004975124378109453,0.10390372239053247,0.7561656112650479,raw,,,True,True,control=emotion_label_permutation;family_max_stat_p=0.014925373134328358
individual,aligned,8,furious,cosine,0.21585211157798767,,0.15192250907421115,0.23406298197805883,0.004975124378109453,0.027554535017221583,0.004975124378109453,0.09969313926994788,0.7621924407390502,raw,,,True,True,control=emotion_label_permutation;family_max_stat_p=0.014925373134328358
individual,aligned,9,furious,cosine,0.19406096637248993,,0.1421722427010536,0.20800612717866898,0.004975124378109453,0.027554535017221583,0.004975124378109453,0.0944333542138337,0.7762043034257046,raw,,,True,True,control=emotion_label_permutation;family_max_stat_p=0.014925373134328358
individual,aligned,10,furious,cosine,0.2055341750383377,,0.16116929911077021,0.21605032533407212,0.004975124378109453,0.027554535017221583,0.004975124378109453,0.10640798173844812,0.7958371046495132,raw,,,True,True,control=emotion_label_permutation;family_max_stat_p=0.014925373134328358
individual,aligned,11,furious,cosine,0.20795457065105438,,0.16116865687072277,0.2257481124252081,0.009950248756218905,0.03627432457963348,0.004975124378109453,0.11708361394703382,0.7812564604654779,raw,,,True,True,control=emotion_label_permutation;family_max_stat_p=0.014925373134328358
individual,aligned,12,furious,cosine,0.22597122192382812,,0.16447623036801817,0.2462731495499611,0.009950248756218905,0.03627432457963348,0.004975124378109453,0.1287347823381424,0.7754063161601534,raw,,,True,True,control=emotion_label_permutation;family_max_stat_p=0.014925373134328358
individual,aligned,13,furious,cosine,0.23449677228927612,,0.17534850835800173,0.2507382266223431,0.004975124378109453,0.027554535017221583,0.004975124378109453,0.13090971559286113,0.7919786298241315,raw,,,True,True,control=emotion_label_permutation;family_max_stat_p=0.014925373134328358
individual,aligned,14,furious,cosine,0.23241928219795227,,0.17617547586560253,0.24918761923909188,0.009950248756218905,0.03627432457963348,0.004975124378109453,0.1214004851877688,0.7850847565308006,raw,,,True,True,control=emotion_label_permutation;family_max_stat_p=0.014925373134328358
individual,aligned,15,furious,cosine,0.21311336755752563,,0.16916038803756236,0.22565739452838898,0.004975124378109453,0.027554535017221583,0.004975124378109453,0.10647406689822668,0.794913573879915,raw,,,True,True,control=emotion_label_permutation;family_max_stat_p=0.014925373134328358
individual,aligned,16,furious,cosine,0.247146874666214,,0.18582486845552923,0.263873390853405,0.004975124378109453,0.027554535017221583,0.004975124378109453,0.13030085042119002,0.7910451679412254,raw,,,True,True,control=emotion_label_permutation;family_max_stat_p=0.014925373134328358
individual,aligned,17,furious,cosine,0.2544507682323456,,0.19377197958528997,0.27170941457152364,0.009950248756218905,0.03627432457963348,0.004975124378109453,0.13874763995408998,0.7861749527787711,raw,,,True,True,control=emotion_label_permutation;family_max_stat_p=0.014925373134328358
individual,aligned,18,furious,cosine,0.24963662028312683,,0.190585957467556,0.2673812240362167,0.009950248756218905,0.03627432457963348,0.004975124378109453,0.1389066912233829,0.7737577862253394,raw,,,True,True,control=emotion_label_permutation;family_max_stat_p=0.014925373134328358
individual,aligned,19,furious,cosine,0.26341503858566284,,0.20723933428525926,0.2783760130405426,0.004975124378109453,0.027554535017221583,0.004975124378109453,0.12722116708755488,0.7635751892584419,raw,,,True,True,control=emotion_label_permutation;family_max_stat_p=0.014925373134328358
individual,aligned,20,furious,cosine,0.2755650281906128,,0.21586150340735913,0.2925048813223839,0.004975124378109453,0.027554535017221583,0.004975124378109453,0.13476463407278058,0.7622016669249003,raw,,,True,True,control=emotion_label_permutation;family_max_stat_p=0.014925373134328358
individual,aligned,21,furious,cosine,0.2777351140975952,,0.22646055780351163,0.2930784858763218,0.004975124378109453,0.027554535017221583,0.004975124378109453,0.12904422506690022,0.7655960143809524,raw,,,True,True,control=emotion_label_permutation;family_max_stat_p=0.014925373134328358
individual,aligned,22,furious,cosine,0.2901589572429657,,0.24653201177716258,0.30096498802304267,0.004975124378109453,0.027554535017221583,0.004975124378109453,0.12619073688983903,0.7710408943187125,raw,,,True,True,control=emotion_label_permutation;family_max_stat_p=0.014925373134328358
individual,aligned,23,furious,cosine,0.30638453364372253,,0.2630576588213444,0.3172119535505772,0.004975124378109453,0.027554535017221583,0.004975124378109453,0.12828069627284966,0.7472742089590283,raw,,,True,True,control=emotion_label_permutation;family_max_stat_p=0.014925373134328358
individual,aligned,24,furious,cosine,0.3057767152786255,,0.2602302245795727,0.3182454027235508,0.004975124378109453,0.027554535017221583,0.004975124378109453,0.14487615227699266,0.7056277695187376,raw,,,True,True,control=emotion_label_permutation;family_max_stat_p=0.014925373134328358
individual,aligned,25,furious,cosine,0.2940582036972046,,0.24670351557433606,0.3107601530849934,0.004975124378109453,0.027554535017221583,0.004975124378109453,0.1407052695751189,0.705875720605307,raw,,,True,True,control=emotion_label_permutation;family_max_stat_p=0.014925373134328358
individual,aligned,26,furious,cosine,0.3126524090766907,,0.2616662696003914,0.3272367477416992,0.004975124378109453,0.027554535017221583,0.004975124378109453,0.1566110551357269,0.6930077030025262,raw,,,True,True,control=emotion_label_permutation;family_max_stat_p=0.014925373134328358
individual,aligned,27,furious,cosine,0.325639009475708,,0.2705289036035538,0.3390980251133442,0.004975124378109453,0.027554535017221583,0.004975124378109453,0.14985325634479507,0.6916698302200709,raw,,,True,True,control=emotion_label_permutation;family_max_stat_p=0.014925373134328358
individual,aligned,28,furious,cosine,0.32272374629974365,,0.27492919787764547,0.3363801255822182,0.004975124378109453,0.027554535017221583,0.004975124378109453,0.14640681073069564,0.6860054649841196,raw,,,True,True,control=emotion_label_permutation;family_max_stat_p=0.014925373134328358
individual,aligned,29,furious,cosine,0.3016718924045563,,0.25136552974581716,0.31695805937051774,0.004975124378109453,0.027554535017221583,0.004975124378109453,0.13739371001720427,0.6692772439332241,raw,,,True,True,control=emotion_label_permutation;family_max_stat_p=0.014925373134328358
individual,aligned,30,furious,cosine,0.31503260135650635,,0.27099699378013614,0.32623751610517504,0.004975124378109453,0.027554535017221583,0.004975124378109453,0.13769303932785965,0.6786325940469115,raw,,,True,True,control=emotion_label_permutation;family_max_stat_p=0.014925373134328358
individual,aligned,31,furious,cosine,0.33920198678970337,,0.29282547533512115,0.3472148172557354,0.004975124378109453,0.027554535017221583,0.004975124378109453,0.15302452817559223,0.714542350651242,raw,,,True,True,control=emotion_label_permutation;family_max_stat_p=0.014925373134328358
individual,aligned,32,furious,cosine,0.3186754882335663,,0.27721000984311106,0.32716607972979544,0.004975124378109453,0.027554535017221583,0.004975124378109453,0.1433574751019477,0.7186865512427887,raw,,,True,True,control=emotion_label_permutation;family_max_stat_p=0.014925373134328358
individual,aligned,33,furious,cosine,0.29476839303970337,,0.25438079312443734,0.3096599794924259,0.004975124378109453,0.027554535017221583,0.004975124378109453,0.13130819350481018,0.7050618876478396,raw,,,True,True,control=emotion_label_permutation;family_max_stat_p=0.014925373134328358
individual,aligned,34,furious,cosine,0.29824674129486084,,0.2598665326833725,0.3109279774129391,0.004975124378109453,0.027554535017221583,0.004975124378109453,0.1349820218980312,0.7288530018810226,raw,,,True,True,control=emotion_label_permutation;family_max_stat_p=0.014925373134328358
individual,aligned,35,furious,cosine,0.27742934226989746,,0.24177442267537116,0.2918794699013233,0.004975124378109453,0.027554535017221583,0.004975124378109453,0.1306734740734099,0.7370349142666747,raw,,,True,True,control=emotion_label_permutation;family_max_stat_p=0.014925373134328358
individual,aligned,36,furious,cosine,0.2593996226787567,,0.2223131123930216,0.277612666785717,0.004975124378109453,0.027554535017221583,0.004975124378109453,0.12461978569626805,0.7345456115180825,raw,,,True,True,control=emotion_label_permutation;family_max_stat_p=0.014925373134328358
individual,aligned,37,furious,cosine,0.2530442178249359,,0.21454806663095952,0.2744056433439255,0.004975124378109453,0.027554535017221583,0.004975124378109453,0.1312794283032416,0.7311949294320946,raw,,,True,True,control=emotion_label_permutation;family_max_stat_p=0.014925373134328358
individual,aligned,38,furious,cosine,0.2595227062702179,,0.22354832664132118,0.27976602762937547,0.004975124378109453,0.027554535017221583,0.004975124378109453,0.1301629692316054,0.7415964980679907,raw,,,True,True,control=emotion_label_permutation;family_max_stat_p=0.014925373134328358
individual,aligned,39,furious,cosine,0.22639498114585876,,0.18668208345770837,0.2512600563466549,0.004975124378109453,0.027554535017221583,0.004975124378109453,0.11699208579957479,0.7389331972317129,raw,,,True,True,control=emotion_label_permutation;family_max_stat_p=0.014925373134328358
individual,aligned,40,furious,cosine,0.23846857249736786,,0.20652631409466268,0.25651983320713045,0.004975124378109453,0.027554535017221583,0.004975124378109453,0.12421496026217932,0.7618346223768414,raw,,,True,True,control=emotion_label_permutation;family_max_stat_p=0.014925373134328358
individual,aligned,41,furious,cosine,0.21075716614723206,,0.17663182616233827,0.2322862733155489,0.004975124378109453,0.027554535017221583,0.004975124378109453,0.11335826143622398,0.7613698812681493,raw,,,True,True,control=emotion_label_permutation;family_max_stat_p=0.014925373134328358
individual,aligned,42,furious,cosine,0.19048865139484406,,0.14859560802578928,0.21662032119929792,0.004975124378109453,0.027554535017221583,0.004975124378109453,0.10333300456404669,0.7567515351905537,raw,,,True,True,control=emotion_label_permutation;family_max_stat_p=0.014925373134328358
individual,aligned,43,furious,cosine,0.20543113350868225,,0.17321994565427304,0.22481064796447756,0.004975124378109453,0.027554535017221583,0.004975124378109453,0.11120550036430359,0.7696642212895313,raw,,,True,True,control=emotion_label_permutation;family_max_stat_p=0.014925373134328358
individual,aligned,44,furious,cosine,0.2126343548297882,,0.18637458905577658,0.22665898613631724,0.004975124378109453,0.027554535017221583,0.004975124378109453,0.1099762551486492,0.7792094685780039,raw,,,True,True,control=emotion_label_permutation;family_max_stat_p=0.014925373134328358
individual,aligned,45,furious,cosine,0.22499553859233856,,0.19766253344714643,0.2338395405560732,0.004975124378109453,0.027554535017221583,0.004975124378109453,0.10572710447013366,0.7684086167922312,raw,,,True,True,control=emotion_label_permutation;family_max_stat_p=0.014925373134328358
individual,aligned,46,furious,cosine,0.21864613890647888,,0.1907465171068907,0.23110870718955995,0.004975124378109453,0.027554535017221583,0.004975124378109453,0.10423974134027941,0.7867689278326863,raw,,,True,True,control=emotion_label_permutation;family_max_stat_p=0.014925373134328358
individual,aligned,47,furious,cosine,0.37531983852386475,,0.3362132452428341,0.39129789397120474,0.004975124378109453,0.027554535017221583,0.004975124378109453,0.22924107760190962,0.8718165815865099,raw,,,True,True,control=emotion_label_permutation;family_max_stat_p=0.014925373134328358
individual,aligned,0,gloomy,cosine,0.0036231528501957655,,-0.0410736547783017,0.049590282607823624,0.4427860696517413,0.48121655871585467,0.0945273631840796,0.08229121267795561,0.5088351067925881,raw,,,True,True,control=emotion_label_permutation;family_max_stat_p=0.014925373134328358
individual,aligned,1,gloomy,cosine,0.050491828471422195,,-0.0034017804777249656,0.09622325897216799,0.19900497512437812,0.3808804080861515,0.0945273631840796,0.09206514768302432,0.5513623529610578,raw,,,True,True,control=emotion_label_permutation;family_max_stat_p=0.014925373134328358
individual,aligned,2,gloomy,cosine,0.08390346169471741,,0.024504305562004457,0.13497606106102467,0.12437810945273632,0.28887818969667794,0.0945273631840796,0.10785729587078091,0.6071095351830431,raw,,,True,True,control=emotion_label_permutation;family_max_stat_p=0.014925373134328358
individual,aligned,3,gloomy,cosine,0.10783396661281586,,0.03991647083312273,0.15326315350830555,0.08955223880597014,0.2302771855010661,0.0945273631840796,0.12410438470542429,0.6292012309442923,raw,,,True,True,control=emotion_label_permutation;family_max_stat_p=0.014925373134328358
individual,aligned,4,gloomy,cosine,0.10340607911348343,,0.04159730896353722,0.15413285084068776,0.09950248756218906,0.2513747054202671,0.0945273631840796,0.12253163382411003,0.6239750261455418,raw,,,True,True,control=emotion_label_permutation;family_max_stat_p=0.014925373134328358
individual,aligned,5,gloomy,cosine,0.09124909341335297,,0.037277479656040675,0.14233488179743292,0.12935323383084577,0.29802985074626864,0.0945273631840796,0.11849379949271675,0.612818500028176,raw,,,True,True,control=emotion_label_permutation;family_max_stat_p=0.014925373134328358
individual,aligned,6,gloomy,cosine,0.053030725568532944,,0.004713679954875269,0.1047536961734295,0.23880597014925373,0.38856564634454843,0.0945273631840796,0.11032956019043919,0.6273863261685232,raw,,,True,True,control=emotion_label_permutation;family_max_stat_p=0.014925373134328358
individual,aligned,7,gloomy,cosine,0.05070117861032486,,0.0038417086121626254,0.09942776244133711,0.24875621890547264,0.38935756002595723,0.0945273631840796,0.1134222380816936,0.6339059910934776,raw,,,True,True,control=emotion_label_permutation;family_max_stat_p=0.014925373134328358
individual,aligned,8,gloomy,cosine,0.0558837354183197,,0.0013409695107839113,0.10164762400090696,0.21890547263681592,0.38677776760369925,0.0945273631840796,0.12664354443550105,0.6141311175968225,raw,,,True,True,control=emotion_label_permutation;family_max_stat_p=0.014925373134328358
individual,aligned,9,gloomy,cosine,0.00797277595847845,,-0.034422377962619044,0.05729735698550943,0.43283582089552236,0.47942795528063104,0.0945273631840796,0.11020160801708696,0.6234936180354279,raw,,,True,True,control=emotion_label_permutation;family_max_stat_p=0.014925373134328358
individual,aligned,10,gloomy,cosine,0.018970802426338196,,-0.03134462321177125,0.07707851938903333,0.39303482587064675,0.4509722304810608,0.0945273631840796,0.11304131038486939,0.620466122446553,raw,,,True,True,control=emotion_label_permutation;family_max_stat_p=0.014925373134328358
individual,aligned,11,gloomy,cosine,0.044430188834667206,,-0.011351326201111067,0.1035570563748479,0.2537313432835821,0.3949979830576846,0.0945273631840796,0.13080781623721116,0.6170144746870592,raw,,,True,True,control=emotion_label_permutation;family_max_stat_p=0.014925373134328358
individual,aligned,12,gloomy,cosine,0.04608459025621414,,-0.01919044125825166,0.11062609720975163,0.2835820895522388,0.4053876956680014,0.0945273631840796,0.1396548561751842,0.602271433292162,raw,,,True,True,control=emotion_label_permutation;family_max_stat_p=0.014925373134328358
individual,aligned,13,gloomy,cosine,0.04692908376455307,,-0.01888989061117172,0.11388468444347383,0.2736318407960199,0.4020712762717027,0.0945273631840796,0.14417469874024388,0.6106635315001439,raw,,,True,True,control=emotion_label_permutation;family_max_stat_p=0.014925373134328358
individual,aligned,14,gloomy,cosine,0.042527131736278534,,-0.019538297457620486,0.10092290621250874,0.30845771144278605,0.41512065839029155,0.0945273631840796,0.1423098050057887,0.6304449451982854,raw,,,True,True,control=emotion_label_permutation;family_max_stat_p=0.014925373134328358
individual,aligned,15,gloomy,cosine,0.016960103064775467,,-0.03441210193559527,0.06911288257688286,0.39800995024875624,0.45128687272299917,0.0945273631840796,0.13663223162293434,0.6462256412947815,raw,,,True,True,control=emotion_label_permutation;family_max_stat_p=0.014925373134328358
individual,aligned,16,gloomy,cosine,0.03748627007007599,,-0.027226965874433504,0.10066908542066813,0.31840796019900497,0.41872827642608873,0.0945273631840796,0.15280252471566197,0.6618697673602774,raw,,,True,True,control=emotion_label_permutation;family_max_stat_p=0.014925373134328358
individual,aligned,17,gloomy,cosine,0.013783250004053116,,-0.049945427291095246,0.0841396575793624,0.43283582089552236,0.47942795528063104,0.0945273631840796,0.16025917455554006,0.659354460559958,raw,,,True,True,control=emotion_label_permutation;family_max_stat_p=0.014925373134328358
individual,aligned,18,gloomy,cosine,0.021883156150579453,,-0.045138315111398694,0.08874639943242073,0.4129353233830846,0.4645522388059702,0.0945273631840796,0.15079961195588112,0.6671382360150825,raw,,,True,True,control=emotion_label_permutation;family_max_stat_p=0.014925373134328358
individual,aligned,19,gloomy,cosine,0.008272645995020866,,-0.05187204675748942,0.0709236251190305,0.4626865671641791,0.4990776454804629,0.0945273631840796,0.1540042445063588,0.663521805845276,raw,,,True,True,control=emotion_label_permutation;family_max_stat_p=0.014925373134328358
individual,aligned,20,gloomy,cosine,0.0016789846122264862,,-0.06402012128382921,0.06999087687581781,0.48756218905472637,0.5181472710249491,0.0945273631840796,0.16350273415446273,0.6520397547477292,raw,,,True,True,control=emotion_label_permutation;family_max_stat_p=0.014925373134328358
individual,aligned,21,gloomy,cosine,0.0127485953271389,,-0.05434176633134484,0.07667195331305265,0.43781094527363185,0.47942795528063104,0.0945273631840796,0.16268164515495298,0.6516483387613324,raw,,,True,True,control=emotion_label_permutation;family_max_stat_p=0.014925373134328358
individual,aligned,22,gloomy,cosine,0.03162308782339096,,-0.028672004630789158,0.08582858052104714,0.36318407960199006,0.43862321047822117,0.0945273631840796,0.15764219835400572,0.6573549630640992,raw,,,True,True,control=emotion_label_permutation;family_max_stat_p=0.014925373134328358
individual,aligned,23,gloomy,cosine,0.028906764462590218,,-0.03584729405120015,0.0864055793732405,0.3880597014925373,0.4509722304810608,0.0945273631840796,0.15551856458187086,0.6681919561511347,raw,,,True,True,control=emotion_label_permutation;family_max_stat_p=0.014925373134328358
individual,aligned,24,gloomy,cosine,0.04159046709537506,,-0.01773533420637249,0.09152615927159788,0.34328358208955223,0.42614513638703033,0.0945273631840796,0.15004003569483743,0.6661348418188735,raw,,,True,True,control=emotion_label_permutation;family_max_stat_p=0.014925373134328358
individual,aligned,25,gloomy,cosine,0.03568514809012413,,-0.02131365719251334,0.08518241122364999,0.36318407960199006,0.43862321047822117,0.0945273631840796,0.1434740021824835,0.6715448930040794,raw,,,True,True,control=emotion_label_permutation;family_max_stat_p=0.014925373134328358
individual,aligned,26,gloomy,cosine,0.04913318157196045,,-0.011320535885170098,0.10135842300951484,0.31840796019900497,0.41872827642608873,0.0945273631840796,0.15428145825862882,0.6600505543107922,raw,,,True,True,control=emotion_label_permutation;family_max_stat_p=0.014925373134328358
individual,aligned,27,gloomy,cosine,0.05889487639069557,,-0.002397764509078098,0.11316412035375835,0.2885572139303483,0.4053876956680014,0.0945273631840796,0.15418034195899957,0.657825167715781,raw,,,True,True,control=emotion_label_permutation;family_max_stat_p=0.014925373134328358
individual,aligned,28,gloomy,cosine,0.05993185564875603,,-0.006511150836013257,0.11887140274047853,0.26865671641791045,0.39883058932143406,0.0945273631840796,0.15010986179113378,0.6515698854933211,raw,,,True,True,control=emotion_label_permutation;family_max_stat_p=0.014925373134328358
individual,aligned,29,gloomy,cosine,0.037992943078279495,,-0.025490454072132705,0.09693717919290065,0.31840796019900497,0.41872827642608873,0.0945273631840796,0.15050790682435036,0.6281809305177508,raw,,,True,True,control=emotion_label_permutation;family_max_stat_p=0.014925373134328358
individual,aligned,30,gloomy,cosine,0.044674839824438095,,-0.024793940130621188,0.11622122377157212,0.32338308457711445,0.4221748400852879,0.0945273631840796,0.1623731166124343,0.6409310884173723,raw,,,True,True,control=emotion_label_permutation;family_max_stat_p=0.014925373134328358
individual,aligned,31,gloomy,cosine,0.03452600538730621,,-0.042051556706428524,0.1108011450618506,0.36318407960199006,0.43862321047822117,0.0945273631840796,0.18447546884417512,0.6769658824884484,raw,,,True,True,control=emotion_label_permutation;family_max_stat_p=0.014925373134328358
individual,aligned,32,gloomy,cosine,0.03627564758062363,,-0.03291947450488804,0.11158300898969177,0.36318407960199006,0.43862321047822117,0.0945273631840796,0.1722791694104669,0.6782204916615379,raw,,,True,True,control=emotion_label_permutation;family_max_stat_p=0.014925373134328358
individual,aligned,33,gloomy,cosine,0.03514060378074646,,-0.023676840588450418,0.10517463888972998,0.373134328358209,0.43862321047822117,0.0945273631840796,0.16288411691784854,0.6824690344900407,raw,,,True,True,control=emotion_label_permutation;family_max_stat_p=0.014925373134328358
individual,aligned,34,gloomy,cosine,0.03077426552772522,,-0.029154324531555174,0.1037986133247614,0.39303482587064675,0.4509722304810608,0.0945273631840796,0.16115800663828841,0.6764798892076402,raw,,,True,True,control=emotion_label_permutation;family_max_stat_p=0.014925373134328358
individual,aligned,35,gloomy,cosine,0.03646090626716614,,-0.020652343425899743,0.10334813222289085,0.373134328358209,0.43862321047822117,0.0945273631840796,0.15396350845694523,0.6820723172176492,raw,,,True,True,control=emotion_label_permutation;family_max_stat_p=0.014925373134328358
individual,aligned,36,gloomy,cosine,0.04034603387117386,,-0.009185803169384587,0.10143504701554776,0.34328358208955223,0.42614513638703033,0.0945273631840796,0.14716106951236724,0.6815565829651216,raw,,,True,True,control=emotion_label_permutation;family_max_stat_p=0.014925373134328358
individual,aligned,37,gloomy,cosine,0.051516417413949966,,-0.001257709891069677,0.11017146408557893,0.2885572139303483,0.4053876956680014,0.0945273631840796,0.1416130125522613,0.6940468203164013,raw,,,True,True,control=emotion_label_permutation;family_max_stat_p=0.014925373134328358
individual,aligned,38,gloomy,cosine,0.05554753169417381,,0.0023479876574128886,0.11689369101077318,0.26865671641791045,0.39883058932143406,0.0945273631840796,0.14844024479389187,0.7072071410190307,raw,,,True,True,control=emotion_label_permutation;family_max_stat_p=0.014925373134328358
individual,aligned,39,gloomy,cosine,0.06981508433818817,,0.01897379355505109,0.12036679554730655,0.20398009950248755,0.3808804080861515,0.0945273631840796,0.13517025783658024,0.7124123545275581,raw,,,True,True,control=emotion_label_permutation;family_max_stat_p=0.014925373134328358
individual,aligned,40,gloomy,cosine,0.049085699021816254,,0.0026160853507463037,0.10629894901067019,0.2885572139303483,0.4053876956680014,0.0945273631840796,0.1353203497827053,0.7215229967106893,raw,,,True,True,control=emotion_label_permutation;family_max_stat_p=0.014925373134328358
individual,aligned,41,gloomy,cosine,0.05667853727936745,,0.010737830447033051,0.103845233283937,0.23880597014925373,0.38856564634454843,0.0945273631840796,0.1323722593486309,0.7251824183635552,raw,,,True,True,control=emotion_label_permutation;family_max_stat_p=0.014925373134328358
individual,aligned,42,gloomy,cosine,0.0632430762052536,,0.015518855047412216,0.10270409472286703,0.208955223880597,0.3808804080861515,0.0945273631840796,0.13272461220622056,0.7305480566862964,raw,,,True,True,control=emotion_label_permutation;family_max_stat_p=0.014925373134328358
individual,aligned,43,gloomy,cosine,0.059406328946352005,,0.015333117707632484,0.10257664397358897,0.22885572139303484,0.3870303654143078,0.0945273631840796,0.1294895216822624,0.7299700732099732,raw,,,True,True,control=emotion_label_permutation;family_max_stat_p=0.014925373134328358
individual,aligned,44,gloomy,cosine,0.04700611159205437,,0.0072572577744722385,0.09365379977971316,0.2736318407960199,0.4020712762717027,0.0945273631840796,0.11886801347136497,0.736790751731754,raw,,,True,True,control=emotion_label_permutation;family_max_stat_p=0.014925373134328358
individual,aligned,45,gloomy,cosine,0.05338268727064133,,0.00839263824746013,0.09992237985134127,0.24875621890547264,0.38935756002595723,0.0945273631840796,0.11778882667422289,0.7247971593006324,raw,,,True,True,control=emotion_label_permutation;family_max_stat_p=0.014925373134328358
individual,aligned,46,gloomy,cosine,0.06509342044591904,,0.020629075914621355,0.1125903967767954,0.20398009950248755,0.3808804080861515,0.0945273631840796,0.13385243713855743,0.7143463230221156,raw,,,True,True,control=emotion_label_permutation;family_max_stat_p=0.014925373134328358
individual,aligned,47,gloomy,cosine,0.22081533074378967,,0.14742228575050834,0.27427379339933394,0.08955223880597014,0.2302771855010661,0.0945273631840796,0.2437712267041206,0.7566297153010253,raw,,,True,True,control=emotion_label_permutation;family_max_stat_p=0.014925373134328358
individual,aligned,0,miserable,cosine,0.0029972465708851814,,-0.058688117284327726,0.05265253214165569,0.472636815920398,0.5060200854463741,0.03980099502487562,0.08823628388345241,0.44582128210670563,raw,,,True,True,control=emotion_label_permutation;family_max_stat_p=0.014925373134328358
individual,aligned,1,miserable,cosine,0.02487611025571823,,-0.06513663325458764,0.08835097402334215,0.3283582089552239,0.4221748400852879,0.03980099502487562,0.09200164005160331,0.4734850883305804,raw,,,True,True,control=emotion_label_permutation;family_max_stat_p=0.014925373134328358
individual,aligned,2,miserable,cosine,0.05266904830932617,,-0.05288538094609976,0.12075514849275353,0.22388059701492538,0.3870303654143078,0.03980099502487562,0.09569108262658119,0.489075920183101,raw,,,True,True,control=emotion_label_permutation;family_max_stat_p=0.014925373134328358
individual,aligned,3,miserable,cosine,0.0744965672492981,,-0.04931010687723752,0.14768874682486063,0.14925373134328357,0.33065442020665897,0.03980099502487562,0.12371902987360948,0.502740626188664,raw,,,True,True,control=emotion_label_permutation;family_max_stat_p=0.014925373134328358
individual,aligned,4,miserable,cosine,0.05927219241857529,,-0.04933638721704481,0.12687686495482925,0.22388059701492538,0.3870303654143078,0.03980099502487562,0.10987712256610392,0.5155408391700524,raw,,,True,True,control=emotion_label_permutation;family_max_stat_p=0.014925373134328358
individual,aligned,5,miserable,cosine,0.06181838735938072,,-0.0349986626766622,0.12203905247151854,0.208955223880597,0.3808804080861515,0.03980099502487562,0.11330391839146614,0.5234961551550987,raw,,,True,True,control=emotion_label_permutation;family_max_stat_p=0.014925373134328358
individual,aligned,6,miserable,cosine,0.023852791637182236,,-0.06298363748937844,0.0874909229576588,0.373134328358209,0.43862321047822117,0.03980099502487562,0.1144466713070869,0.5434332115746301,raw,,,True,True,control=emotion_label_permutation;family_max_stat_p=0.014925373134328358
individual,aligned,7,miserable,cosine,0.03367085009813309,,-0.047916511259973045,0.08793884105980398,0.30845771144278605,0.41512065839029155,0.03980099502487562,0.11407069340348243,0.5689046065020773,raw,,,True,True,control=emotion_label_permutation;family_max_stat_p=0.014925373134328358
individual,aligned,8,miserable,cosine,0.05683430656790733,,-0.028763184323906895,0.11218827143311502,0.20398009950248755,0.3808804080861515,0.03980099502487562,0.11850379966199386,0.5694651155438827,raw,,,True,True,control=emotion_label_permutation;family_max_stat_p=0.014925373134328358
individual,aligned,9,miserable,cosine,0.006272748112678528,,-0.057084856741130355,0.05778776099905373,0.4577114427860697,0.4955672763999551,0.03980099502487562,0.10802543200552457,0.5623121083191299,raw,,,True,True,control=emotion_label_permutation;family_max_stat_p=0.014925373134328358
individual,aligned,10,miserable,cosine,0.006231083534657955,,-0.05722199529409407,0.0579598636366427,0.4427860696517413,0.48121655871585467,0.03980099502487562,0.11021648943424221,0.5946549417586375,raw,,,True,True,control=emotion_label_permutation;family_max_stat_p=0.014925373134328358
individual,aligned,11,miserable,cosine,0.016337711364030838,,-0.049336757883429526,0.07125250436365604,0.39800995024875624,0.45128687272299917,0.03980099502487562,0.12239861600100983,0.5889594654697679,raw,,,True,True,control=emotion_label_permutation;family_max_stat_p=0.014925373134328358
individual,aligned,12,miserable,cosine,0.006131120026111603,,-0.06750293802469969,0.0662552896887064,0.43283582089552236,0.47942795528063104,0.03980099502487562,0.13066322058439253,0.5856608524280775,raw,,,True,True,control=emotion_label_permutation;family_max_stat_p=0.014925373134328358
individual,aligned,13,miserable,cosine,0.0027150772511959076,,-0.06490222327411174,0.06491946242749691,0.472636815920398,0.5060200854463741,0.03980099502487562,0.13551861122250553,0.5963001708446486,raw,,,True,True,control=emotion_label_permutation;family_max_stat_p=0.014925373134328358
individual,aligned,14,miserable,cosine,-0.012795479968190193,,-0.07424729056656361,0.05109031489118935,0.5572139303482587,0.5690695458875834,0.03980099502487562,0.13142290189862244,0.5861173133195965,raw,,,True,True,control=emotion_label_permutation;family_max_stat_p=0.014925373134328358
individual,aligned,15,miserable,cosine,-0.012842413038015366,,-0.06420518476516009,0.04037729231640697,0.5572139303482587,0.5690695458875834,0.03980099502487562,0.12938529551029204,0.6056993014925878,raw,,,True,True,control=emotion_label_permutation;family_max_stat_p=0.014925373134328358
individual,aligned,16,miserable,cosine,-0.012232338078320026,,-0.08449260964989662,0.05684274388477207,0.572139303482587,0.5822477717419966,0.03980099502487562,0.15005119070410727,0.6301464089567902,raw,,,True,True,control=emotion_label_permutation;family_max_stat_p=0.014925373134328358
individual,aligned,17,miserable,cosine,-0.02652687206864357,,-0.09236021004617213,0.042055312357842926,0.6417910447761194,0.646279094040288,0.03980099502487562,0.15009698867797847,0.6229262925483204,raw,,,True,True,control=emotion_label_permutation;family_max_stat_p=0.014925373134328358
individual,aligned,18,miserable,cosine,-0.020073646679520607,,-0.08474115394055844,0.041845663543790594,0.6119402985074627,0.6205591759512298,0.03980099502487562,0.14505577087402338,0.6347218525307602,raw,,,True,True,control=emotion_label_permutation;family_max_stat_p=0.014925373134328358
individual,aligned,19,miserable,cosine,-0.027059687301516533,,-0.09637541249394416,0.03930451814085245,0.6517412935323383,0.6540121691195591,0.03980099502487562,0.14560164809226986,0.6328543525237963,raw,,,True,True,control=emotion_label_permutation;family_max_stat_p=0.014925373134328358
individual,aligned,20,miserable,cosine,-0.032592691481113434,,-0.10642737634479996,0.040176802966743724,0.6716417910447762,0.6716417910447762,0.03980099502487562,0.1519587561488149,0.625841825747852,raw,,,True,True,control=emotion_label_permutation;family_max_stat_p=0.014925373134328358
individual,aligned,21,miserable,cosine,-0.016459498554468155,,-0.08635255340486762,0.05046903509646655,0.6169154228855721,0.6234092694422624,0.03980099502487562,0.15149843990802758,0.6179511208658174,raw,,,True,True,control=emotion_label_permutation;family_max_stat_p=0.014925373134328358
individual,aligned,22,miserable,cosine,0.013419928029179573,,-0.047699140012264246,0.06842134930193425,0.47761194029850745,0.5094527363184079,0.03980099502487562,0.14917524233460416,0.6248655397279214,raw,,,True,True,control=emotion_label_permutation;family_max_stat_p=0.014925373134328358
individual,aligned,23,miserable,cosine,0.005692075937986374,,-0.06340766455978156,0.06869603954255582,0.5124378109452736,0.5405937346235854,0.03980099502487562,0.1616887010633945,0.6218589940363866,raw,,,True,True,control=emotion_label_permutation;family_max_stat_p=0.014925373134328358
individual,aligned,24,miserable,cosine,0.035340145230293274,,-0.022516158921644082,0.08786321170628072,0.34328358208955223,0.42614513638703033,0.03980099502487562,0.15256676822900767,0.6426388553623785,raw,,,True,True,control=emotion_label_permutation;family_max_stat_p=0.014925373134328358
individual,aligned,25,miserable,cosine,0.04295090213418007,,-0.007597451587207613,0.09028096087276936,0.31343283582089554,0.41791044776119407,0.03980099502487562,0.1433063894510269,0.6399520426203311,raw,,,True,True,control=emotion_label_permutation;family_max_stat_p=0.014925373134328358
individual,aligned,26,miserable,cosine,0.04045554995536804,,-0.027595407189801333,0.10150968264788389,0.3383084577114428,0.42614513638703033,0.03980099502487562,0.14937467873096466,0.6387214211586605,raw,,,True,True,control=emotion_label_permutation;family_max_stat_p=0.014925373134328358
individual,aligned,27,miserable,cosine,0.044033847749233246,,-0.03177091870456933,0.10802785977721215,0.3283582089552239,0.4221748400852879,0.03980099502487562,0.16122506707906722,0.6414105837550389,raw,,,True,True,control=emotion_label_permutation;family_max_stat_p=0.014925373134328358
individual,aligned,28,miserable,cosine,0.04565248638391495,,-0.03327468335628509,0.11195977218449119,0.34328358208955223,0.42614513638703033,0.03980099502487562,0.165459793061018,0.651929218877187,raw,,,True,True,control=emotion_label_permutation;family_max_stat_p=0.014925373134328358
individual,aligned,29,miserable,cosine,0.032532986253499985,,-0.031717181112617246,0.09407790098339322,0.3582089552238806,0.43862321047822117,0.03980099502487562,0.1563309095799923,0.6561824056980109,raw,,,True,True,control=emotion_label_permutation;family_max_stat_p=0.014925373134328358
individual,aligned,30,miserable,cosine,0.02739105001091957,,-0.05045714415609835,0.10034695100039248,0.39800995024875624,0.45128687272299917,0.03980099502487562,0.159369058907032,0.6604335660846953,raw,,,True,True,control=emotion_label_permutation;family_max_stat_p=0.014925373134328358
individual,aligned,31,miserable,cosine,0.019924981519579887,,-0.06468984130769967,0.09877264890819791,0.43781094527363185,0.47942795528063104,0.03980099502487562,0.17514909803867335,0.6860443250148576,raw,,,True,True,control=emotion_label_permutation;family_max_stat_p=0.014925373134328358
individual,aligned,32,miserable,cosine,0.027685891836881638,,-0.053139990568161,0.10149189848452811,0.4129353233830846,0.4645522388059702,0.03980099502487562,0.16510292962193482,0.6812150624808632,raw,,,True,True,control=emotion_label_permutation;family_max_stat_p=0.014925373134328358
individual,aligned,33,miserable,cosine,0.04363658279180527,,-0.024022211646661157,0.10562722235918046,0.3383084577114428,0.42614513638703033,0.03980099502487562,0.15421473607420919,0.6892902042890349,raw,,,True,True,control=emotion_label_permutation;family_max_stat_p=0.014925373134328358
individual,aligned,34,miserable,cosine,0.0335078090429306,,-0.03662780001759528,0.10115424804389478,0.39303482587064675,0.4509722304810608,0.03980099502487562,0.15358418151736253,0.6821763889337518,raw,,,True,True,control=emotion_label_permutation;family_max_stat_p=0.014925373134328358
individual,aligned,35,miserable,cosine,0.041612669825553894,,-0.0257100909948349,0.10201901420950892,0.34328358208955223,0.42614513638703033,0.03980099502487562,0.14712547808885565,0.6763362718228888,raw,,,True,True,control=emotion_label_permutation;family_max_stat_p=0.014925373134328358
individual,aligned,36,miserable,cosine,0.05052380636334419,,-0.007563003618270155,0.10543872565031052,0.2885572139303483,0.4053876956680014,0.03980099502487562,0.14406469762325286,0.6848302567517839,raw,,,True,True,control=emotion_label_permutation;family_max_stat_p=0.014925373134328358
individual,aligned,37,miserable,cosine,0.06576156616210938,,0.010266846185550097,0.10938807427883152,0.22885572139303484,0.3870303654143078,0.03980099502487562,0.13949433416128157,0.6901821071581938,raw,,,True,True,control=emotion_label_permutation;family_max_stat_p=0.014925373134328358
individual,aligned,38,miserable,cosine,0.06745785474777222,,0.008658065053168691,0.11694530230015517,0.23383084577114427,0.3870303654143078,0.03980099502487562,0.14263920634984964,0.6956947422066462,raw,,,True,True,control=emotion_label_permutation;family_max_stat_p=0.014925373134328358
individual,aligned,39,miserable,cosine,0.08848739415407181,,0.040676819998770965,0.12477522287517787,0.14925373134328357,0.33065442020665897,0.03980099502487562,0.11910724565386765,0.7017990082352179,raw,,,True,True,control=emotion_label_permutation;family_max_stat_p=0.014925373134328358
individual,aligned,40,miserable,cosine,0.06214607506990433,,0.010768136754631999,0.10622171107679607,0.22388059701492538,0.3870303654143078,0.03980099502487562,0.13058026731014247,0.7121265002745784,raw,,,True,True,control=emotion_label_permutation;family_max_stat_p=0.014925373134328358
individual,aligned,41,miserable,cosine,0.07157832384109497,,0.02726486478932202,0.10776080265641212,0.17412935323383086,0.3687445127304653,0.03980099502487562,0.12680544778704642,0.7144187562566289,raw,,,True,True,control=emotion_label_permutation;family_max_stat_p=0.014925373134328358
individual,aligned,42,miserable,cosine,0.08601899445056915,,0.04725800445303321,0.11480765510350466,0.10945273631840796,0.26713888186187706,0.03980099502487562,0.11289458647370329,0.716148297294936,raw,,,True,True,control=emotion_label_permutation;family_max_stat_p=0.014925373134328358
individual,aligned,43,miserable,cosine,0.07609133422374725,,0.03694869084283711,0.1068431781604886,0.15920398009950248,0.34474245314779484,0.03980099502487562,0.12115459218621254,0.7133570802089957,raw,,,True,True,control=emotion_label_permutation;family_max_stat_p=0.014925373134328358
individual,aligned,44,miserable,cosine,0.05910404399037361,,0.01679411744698882,0.09405231513082982,0.20398009950248755,0.3808804080861515,0.03980099502487562,0.12125626802444457,0.7256711469775962,raw,,,True,True,control=emotion_label_permutation;family_max_stat_p=0.014925373134328358
individual,aligned,45,miserable,cosine,0.05196671187877655,,0.006648043775931014,0.09388169217854739,0.208955223880597,0.3808804080861515,0.03980099502487562,0.12977622821927062,0.71084435339931,raw,,,True,True,control=emotion_label_permutation;family_max_stat_p=0.014925373134328358
individual,aligned,46,miserable,cosine,0.08724139630794525,,0.043556947074830536,0.12145945578813552,0.1044776119402985,0.2616482803374432,0.03980099502487562,0.12511991932988165,0.670721862560922,raw,,,True,True,control=emotion_label_permutation;family_max_stat_p=0.014925373134328358
individual,aligned,47,miserable,cosine,0.25442466139793396,,0.17047871761024,0.30690719559788704,0.03980099502487562,0.11817202646561009,0.03980099502487562,0.22874422147870063,0.6811500630548242,raw,,,True,True,control=emotion_label_permutation;family_max_stat_p=0.014925373134328358
individual,aligned,0,sad,cosine,0.007116448599845171,,-0.042550853453576565,0.05903466623276473,0.43781094527363185,0.47942795528063104,0.05472636815920398,0.08033482581377023,0.3916906818172205,raw,,,True,True,control=emotion_label_permutation;family_max_stat_p=0.014925373134328358
individual,aligned,1,sad,cosine,0.050373855978250504,,-0.00658045951277014,0.10068773850798608,0.1890547263681592,0.38075357478342553,0.05472636815920398,0.08686808235943315,0.4652558917228979,raw,,,True,True,control=emotion_label_permutation;family_max_stat_p=0.014925373134328358
individual,aligned,2,sad,cosine,0.10371585190296173,,0.026629732735455037,0.15640672706067563,0.03482587064676617,0.10447761194029852,0.05472636815920398,0.09489277489483353,0.5233832171786724,raw,,,True,True,control=emotion_label_permutation;family_max_stat_p=0.014925373134328358
individual,aligned,3,sad,cosine,0.14017987251281738,,0.041198025085031995,0.1964782889932394,0.01990049751243781,0.0629817943250779,0.05472636815920398,0.11871063485741612,0.536383820009081,raw,,,True,True,control=emotion_label_permutation;family_max_stat_p=0.014925373134328358
individual,aligned,4,sad,cosine,0.1340453177690506,,0.05218669623136523,0.18216437213122844,0.029850746268656716,0.0914576055890759,0.05472636815920398,0.11790671013295642,0.5109922261369847,raw,,,True,True,control=emotion_label_permutation;family_max_stat_p=0.014925373134328358
individual,aligned,5,sad,cosine,0.11291876435279846,,0.03799831122159959,0.15495269633829595,0.05472636815920398,0.15302130126068686,0.05472636815920398,0.11210794411599627,0.5000608790219336,raw,,,True,True,control=emotion_label_permutation;family_max_stat_p=0.014925373134328358
individual,aligned,6,sad,cosine,0.08044318854808807,,0.015293553634546722,0.13578833267092705,0.11442786069651742,0.27693465445879845,0.05472636815920398,0.10680944286286831,0.4891638091947966,raw,,,True,True,control=emotion_label_permutation;family_max_stat_p=0.014925373134328358
individual,aligned,7,sad,cosine,0.0678146705031395,,0.008584529068320993,0.11046662051230673,0.13930348258706468,0.31343283582089554,0.05472636815920398,0.104954132810235,0.48740691206851355,raw,,,True,True,control=emotion_label_permutation;family_max_stat_p=0.014925373134328358
individual,aligned,8,sad,cosine,0.07236671447753906,,0.0034775039574015064,0.1177434828132391,0.11940298507462686,0.2865671641791045,0.05472636815920398,0.10603294149041172,0.45135242601601505,raw,,,True,True,control=emotion_label_permutation;family_max_stat_p=0.014925373134328358
individual,aligned,9,sad,cosine,0.0185215026140213,,-0.0408004980534315,0.06746858377009632,0.373134328358209,0.43862321047822117,0.05472636815920398,0.09479052089154716,0.468513052743988,raw,,,True,True,control=emotion_label_permutation;family_max_stat_p=0.014925373134328358
individual,aligned,10,sad,cosine,0.027485374361276627,,-0.04070971868932244,0.07671504430472852,0.34328358208955223,0.42614513638703033,0.05472636815920398,0.10009077042341229,0.4560067268386582,raw,,,True,True,control=emotion_label_permutation;family_max_stat_p=0.014925373134328358
individual,aligned,11,sad,cosine,0.056814953684806824,,-0.021304179029539207,0.11004214230924846,0.22885572139303484,0.3870303654143078,0.05472636815920398,0.107200875878334,0.4433845420860387,raw,,,True,True,control=emotion_label_permutation;family_max_stat_p=0.014925373134328358
individual,aligned,12,sad,cosine,0.06398363411426544,,-0.017552184732630795,0.11741253696382047,0.20398009950248755,0.3808804080861515,0.05472636815920398,0.11138473376631734,0.4342921402895746,raw,,,True,True,control=emotion_label_permutation;family_max_stat_p=0.014925373134328358
individual,aligned,13,sad,cosine,0.0606481097638607,,-0.01973666748963294,0.11604270394891501,0.23383084577114427,0.3870303654143078,0.05472636815920398,0.10986365564167494,0.4603376722110318,raw,,,True,True,control=emotion_label_permutation;family_max_stat_p=0.014925373134328358
individual,aligned,14,sad,cosine,0.04220850020647049,,-0.040079327020794114,0.10021509937942029,0.29850746268656714,0.4074414656574945,0.05472636815920398,0.11581312417984008,0.4734528406048749,raw,,,True,True,control=emotion_label_permutation;family_max_stat_p=0.014925373134328358
individual,aligned,15,sad,cosine,0.014932345598936081,,-0.04937997581437229,0.06845405660569669,0.4228855721393035,0.4738951158603868,0.05472636815920398,0.10021446198225019,0.4887980024900071,raw,,,True,True,control=emotion_label_permutation;family_max_stat_p=0.014925373134328358
individual,aligned,16,sad,cosine,0.03982444107532501,,-0.04569378169253468,0.10280289221554996,0.3283582089552239,0.4221748400852879,0.05472636815920398,0.12089925184845925,0.5316860625403342,raw,,,True,True,control=emotion_label_permutation;family_max_stat_p=0.014925373134328358
individual,aligned,17,sad,cosine,0.029430635273456573,,-0.05124950809404253,0.09284180458635093,0.3681592039800995,0.43862321047822117,0.05472636815920398,0.1082427155226469,0.536675206748073,raw,,,True,True,control=emotion_label_permutation;family_max_stat_p=0.014925373134328358
individual,aligned,18,sad,cosine,0.04067957401275635,,-0.04347587646916507,0.10560360085219146,0.2885572139303483,0.4053876956680014,0.05472636815920398,0.11380894891917702,0.538831386045499,raw,,,True,True,control=emotion_label_permutation;family_max_stat_p=0.014925373134328358
individual,aligned,19,sad,cosine,0.034249451011419296,,-0.04865189287811517,0.09730787817388774,0.3283582089552239,0.4221748400852879,0.05472636815920398,0.12235426269471646,0.5367258080072032,raw,,,True,True,control=emotion_label_permutation;family_max_stat_p=0.014925373134328358
individual,aligned,20,sad,cosine,0.03746965527534485,,-0.047705584485083774,0.10513259433209898,0.2935323383084577,0.40642939150401836,0.05472636815920398,0.12265742756426332,0.5502741165674092,raw,,,True,True,control=emotion_label_permutation;family_max_stat_p=0.014925373134328358
individual,aligned,21,sad,cosine,0.035585783421993256,,-0.046532351430505485,0.09715139996260405,0.29850746268656714,0.4074414656574945,0.05472636815920398,0.11835814528167247,0.5786960921778256,raw,,,True,True,control=emotion_label_permutation;family_max_stat_p=0.014925373134328358
individual,aligned,22,sad,cosine,0.05281073972582817,,-0.025771137233823526,0.11314993929117918,0.24378109452736318,0.38935756002595723,0.05472636815920398,0.12583412751555442,0.6003636720380874,raw,,,True,True,control=emotion_label_permutation;family_max_stat_p=0.014925373134328358
individual,aligned,23,sad,cosine,0.057410407811403275,,-0.020295401522889698,0.11732411738485098,0.23383084577114427,0.3870303654143078,0.05472636815920398,0.12242932431399818,0.6172478454705262,raw,,,True,True,control=emotion_label_permutation;family_max_stat_p=0.014925373134328358
individual,aligned,24,sad,cosine,0.06986434012651443,,-0.0008939585808548009,0.13003433533012868,0.208955223880597,0.3808804080861515,0.05472636815920398,0.13110582083463665,0.6106050404487869,raw,,,True,True,control=emotion_label_permutation;family_max_stat_p=0.014925373134328358
individual,aligned,25,sad,cosine,0.06219255179166794,,-0.010283888666890532,0.12688863538205625,0.23880597014925373,0.38856564634454843,0.05472636815920398,0.1299764111638069,0.6187413844853445,raw,,,True,True,control=emotion_label_permutation;family_max_stat_p=0.014925373134328358
individual,aligned,26,sad,cosine,0.07110819220542908,,-0.004769705468788737,0.1321368090808392,0.20398009950248755,0.3808804080861515,0.05472636815920398,0.13137552142143227,0.6133255351944362,raw,,,True,True,control=emotion_label_permutation;family_max_stat_p=0.014925373134328358
individual,aligned,27,sad,cosine,0.08183178305625916,,-0.003052060387562947,0.14502229094505312,0.18407960199004975,0.38075357478342553,0.05472636815920398,0.1316128380596636,0.6224540810086981,raw,,,True,True,control=emotion_label_permutation;family_max_stat_p=0.014925373134328358
individual,aligned,28,sad,cosine,0.08317548036575317,,-0.00011201620800419898,0.14659468047320842,0.1791044776119403,0.3765116025710862,0.05472636815920398,0.13098639547824853,0.6269639704173183,raw,,,True,True,control=emotion_label_permutation;family_max_stat_p=0.014925373134328358
individual,aligned,29,sad,cosine,0.06060277670621872,,-0.01668472220189869,0.12439933214336633,0.22885572139303484,0.3870303654143078,0.05472636815920398,0.1314530879259109,0.6385576350650821,raw,,,True,True,control=emotion_label_permutation;family_max_stat_p=0.014925373134328358
individual,aligned,30,sad,cosine,0.06070955842733383,,-0.016437556641176333,0.12434462029486897,0.23383084577114427,0.3870303654143078,0.05472636815920398,0.12589631155133243,0.6527037534446479,raw,,,True,True,control=emotion_label_permutation;family_max_stat_p=0.014925373134328358
individual,aligned,31,sad,cosine,0.055276136845350266,,-0.022002760646864766,0.12392551619559529,0.27860696517412936,0.4053876956680014,0.05472636815920398,0.13765573054552063,0.6930134265927307,raw,,,True,True,control=emotion_label_permutation;family_max_stat_p=0.014925373134328358
individual,aligned,32,sad,cosine,0.05840729922056198,,-0.01525296950712799,0.12336128260940314,0.263681592039801,0.39883058932143406,0.05472636815920398,0.13535894155502312,0.6890785556857182,raw,,,True,True,control=emotion_label_permutation;family_max_stat_p=0.014925373134328358
individual,aligned,33,sad,cosine,0.05267256498336792,,-0.012717003189027309,0.11239509694278241,0.2885572139303483,0.4053876956680014,0.05472636815920398,0.12691683247685426,0.6947628091647317,raw,,,True,True,control=emotion_label_permutation;family_max_stat_p=0.014925373134328358
individual,aligned,34,sad,cosine,0.05125579982995987,,-0.013652946823276568,0.11389092169702053,0.2935323383084577,0.40642939150401836,0.05472636815920398,0.1316371403634548,0.6938378710333521,raw,,,True,True,control=emotion_label_permutation;family_max_stat_p=0.014925373134328358
individual,aligned,35,sad,cosine,0.056749556213617325,,-0.008937957067973911,0.11601495184004307,0.26865671641791045,0.39883058932143406,0.05472636815920398,0.1199782636016607,0.6898809146486854,raw,,,True,True,control=emotion_label_permutation;family_max_stat_p=0.014925373134328358
individual,aligned,36,sad,cosine,0.05861604958772659,,0.002685577693046078,0.11051078923046591,0.24875621890547264,0.38935756002595723,0.05472636815920398,0.11018900908529758,0.6952847705448212,raw,,,True,True,control=emotion_label_permutation;family_max_stat_p=0.014925373134328358
individual,aligned,37,sad,cosine,0.07396022975444794,,0.020675270492210997,0.12186042405664921,0.20398009950248755,0.3808804080861515,0.05472636815920398,0.11856212019920345,0.6947851844270788,raw,,,True,True,control=emotion_label_permutation;family_max_stat_p=0.014925373134328358
individual,aligned,38,sad,cosine,0.07671389728784561,,0.020203059120103718,0.12580756805837157,0.1890547263681592,0.38075357478342553,0.05472636815920398,0.115527917817235,0.7000219470029504,raw,,,True,True,control=emotion_label_permutation;family_max_stat_p=0.014925373134328358
individual,aligned,39,sad,cosine,0.08919189870357513,,0.044709430076181896,0.12871407605707647,0.13432835820895522,0.30703624733475476,0.05472636815920398,0.1166960448026657,0.7006084285443943,raw,,,True,True,control=emotion_label_permutation;family_max_stat_p=0.014925373134328358
individual,aligned,40,sad,cosine,0.07030530273914337,,0.020583879528567196,0.11327032912522557,0.1890547263681592,0.38075357478342553,0.05472636815920398,0.1095055967569351,0.711217776468233,raw,,,True,True,control=emotion_label_permutation;family_max_stat_p=0.014925373134328358
individual,aligned,41,sad,cosine,0.07336627691984177,,0.03167712343856693,0.11233095563948155,0.19900497512437812,0.3808804080861515,0.05472636815920398,0.10355450063943854,0.7122544968186016,raw,,,True,True,control=emotion_label_permutation;family_max_stat_p=0.014925373134328358
individual,aligned,42,sad,cosine,0.0812222957611084,,0.03999448278918863,0.11103144977241755,0.1691542288557214,0.36355535754065493,0.05472636815920398,0.10341095104813575,0.7176418674822082,raw,,,True,True,control=emotion_label_permutation;family_max_stat_p=0.014925373134328358
individual,aligned,43,sad,cosine,0.073501355946064,,0.03366683321073652,0.10923116449266672,0.18407960199004975,0.38075357478342553,0.05472636815920398,0.10613523013889786,0.7164274624998009,raw,,,True,True,control=emotion_label_permutation;family_max_stat_p=0.014925373134328358
individual,aligned,44,sad,cosine,0.06711682677268982,,0.025056271860376,0.10385029111057521,0.19900497512437812,0.3808804080861515,0.05472636815920398,0.1019701428711414,0.7209054198374166,raw,,,True,True,control=emotion_label_permutation;family_max_stat_p=0.014925373134328358
individual,aligned,45,sad,cosine,0.06716340780258179,,0.017360707046464093,0.10484424084424974,0.1890547263681592,0.38075357478342553,0.05472636815920398,0.10610787607729434,0.7148575633589582,raw,,,True,True,control=emotion_label_permutation;family_max_stat_p=0.014925373134328358
individual,aligned,46,sad,cosine,0.09024932235479355,,0.04699236210435629,0.12208185717463493,0.13930348258706468,0.31343283582089554,0.05472636815920398,0.11099241040647025,0.7242687245368955,raw,,,True,True,control=emotion_label_permutation;family_max_stat_p=0.014925373134328358
individual,aligned,47,sad,cosine,0.2442649006843567,,0.1689624607563019,0.28908107280731205,0.04975124378109453,0.1418649327619329,0.05472636815920398,0.22718551903963075,0.7808818468492362,raw,,,True,True,control=emotion_label_permutation;family_max_stat_p=0.014925373134328358
